Íàâçâàíèå ïðîäóêòà;Ññûëêà;Ïðåâüþøêà;Ïëàòôîðìà;Æàíð;Äàòà âûõîäà
She Will Punish Them;https://stopgame.ru/game/she_will_punish_them;https://images.stopgame.ru/games/2021/01/16/ZrBmmIwC.jpg;PC;action;29 àïðåëÿ 2020 ã.
System Shock 2: Enhanced Edition;https://stopgame.ru/game/system_shock_2_enhanced_edition;https://images.stopgame.ru/games/2021/01/12/k2PxolPw6.jpg;PC;action;2021 ã.
Disjunction;https://stopgame.ru/game/disjunction;https://images.stopgame.ru/games/2021/01/12/3MvPMdnM6.jpg;Mac, NSW, PC, PS4, XONE;rpg;28 ÿíâàðÿ 2021 ã.
Street Cleaner: The Video Game;https://stopgame.ru/game/street_cleaner_the_video_game;https://images.stopgame.ru/games/2021/01/11/KN9cE9Id3.jpg;PC;arcade;7 ÿíâàðÿ 2021 ã.
Escape Planet 17;https://stopgame.ru/game/escape_planet_17;https://images.stopgame.ru/games/2021/01/11/S_MtE9G.jpg;PC;arcade;8 ÿíâàðÿ 2021 ã.
Project Winter;https://stopgame.ru/game/project_winter;https://images.stopgame.ru/games/2021/01/11/SLjGsMdV.jpg;NSW, PC, PS4, XONE;action;23 ìàÿ 2019 ã.
King of Fighters XV, The;https://stopgame.ru/game/king_of_fighters_xv;https://images.stopgame.ru/games/2021/01/10/M1dHe1nj.jpg;PS4;arcade;2021 ã.
OMORI;https://stopgame.ru/game/omori;https://images.stopgame.ru/games/2021/01/07/-_quRyJ1U.jpg;Mac, PC;adventure;25 äåêàáðÿ 2020 ã.
Ïîìíè...;https://stopgame.ru/game/pomni;https://images.stopgame.ru/games/2021/01/07/p5kvSC2.jpg;PC;adventure;2021 ã.
Kingdoms Reborn;https://stopgame.ru/game/kingdoms_reborn;https://images.stopgame.ru/games/2021/01/07/QF9D38l.jpg;PC;strategy;3 íîÿáðÿ 2020 ã.
Amazing Cultivation Simulator;https://stopgame.ru/game/amazing_cultivation_simulator;https://images.stopgame.ru/games/2021/01/07/T-n-6IZx.jpg;PC;strategy;24 íîÿáðÿ 2020 ã.
Poco In Dungeon - Pico In Cave;https://stopgame.ru/game/poco_in_dungeon_pico_in_cave;https://images.stopgame.ru/games/2021/01/07/4OXMcDQ.jpg;PC;action;21 äåêàáðÿ 2020 ã.
Hellbound;https://stopgame.ru/game/hellbound;https://images.stopgame.ru/games/2021/01/07/zZXyLVn.jpg;PC;action;4 àâãóñòà 2020 ã.
Bomjman;https://stopgame.ru/game/bomjman;https://images.stopgame.ru/games/2021/01/07/tIZfJ6qu.jpg;PC;arcade;15 äåêàáðÿ 2020 ã.
Sunlight;https://stopgame.ru/game/sunlight;https://images.stopgame.ru/games/2021/01/07/xZspXpQ.jpg;PC;adventure;14 ÿíâàðÿ 2021 ã.
Abyss of the Sacrifice;https://stopgame.ru/game/abyss_of_the_sacrifice;https://images.stopgame.ru/games/2020/12/31/xCLbd83.jpg;PC;adventure;16 äåêàáðÿ 2020 ã.
Tales of Arise;https://stopgame.ru/game/tales_of_arise;https://images.stopgame.ru/site/logos/empty_logo1.jpg;PC, PS4, XONE;rpg;2021 ã.
Eternal Radiance;https://stopgame.ru/game/eternal_radiance;https://images.stopgame.ru/games/2020/12/27/pAvzXAk.jpg;PC;rpg;15 äåêàáðÿ 2020 ã.
Ortharion Project;https://stopgame.ru/game/ortharion_project;https://images.stopgame.ru/site/logos/empty_logo1.jpg;PC;rpg;20 äåêàáðÿ 2020 ã.
600Seconds ~The Deep Church~;https://stopgame.ru/game/600seconds_the_deep_church;https://images.stopgame.ru/games/2020/12/25/sLI7JaiEZ.jpg;PC;action, adventure;22 äåêàáðÿ 2020 ã.
Morbid: The Seven Acolytes;https://stopgame.ru/game/morbid_the_seven_acolytes;https://images.stopgame.ru/games/2020/12/24/gCy5qqGsn.jpg;NSW, PC, PS4, XONE;rpg;3 äåêàáðÿ 2020 ã.
Age of Water;https://stopgame.ru/game/age_of_water;https://images.stopgame.ru/games/2020/12/24/t42Auwl8P.jpg;PC;action;2022 ã.
Happy Game;https://stopgame.ru/game/happy_game;https://images.stopgame.ru/games/2020/12/24/NcwE16-x.jpg;Mac, NSW, PC;adventure;2021 ã.
Tunche;https://stopgame.ru/game/tunche;https://images.stopgame.ru/games/2020/12/24/dqrEGfWdu.jpg;NSW, PC, PS4, XONE;arcade;2021 ã.
Tormentor;https://stopgame.ru/game/tormentor;https://images.stopgame.ru/games/2020/12/22/fgUTkJfP.jpg;PC, PS5, XBOXSX;action;2022 ã.
Grim Clicker;https://stopgame.ru/game/grim_clicker;https://images.stopgame.ru/games/2020/12/20/RNI9bBm.jpg;PC;rpg;9 ÿíâàðÿ 2020 ã.
Haydee 2;https://stopgame.ru/game/haydee_2;https://images.stopgame.ru/games/2020/12/20/NeZd7cMo.jpg;PC;action;23 íîÿáðÿ 2020 ã.
Ghostwinter;https://stopgame.ru/game/ghostwinter;https://images.stopgame.ru/games/2020/12/20/j_IG2rios.jpg;PC;action;3 äåêàáðÿ 2020 ã.
Nigel's Journey : A Working Day;https://stopgame.ru/game/nigel_s_journey_a_working_day;https://images.stopgame.ru/games/2020/12/20/5kTgUB1Ka.jpg;PC;action;29 íîÿáðÿ 2020 ã.
Chex Quest HD;https://stopgame.ru/game/chex_quest_hd;https://images.stopgame.ru/games/2020/12/20/s--o56mk.jpg;PC;action;18 ìàÿ 2020 ã.
El Hijo: A Wild West Tale;https://stopgame.ru/game/el_hijo_a_wild_west_tale;https://images.stopgame.ru/games/2020/12/19/W5P0J05.jpg;Mac, NSW, PC, PS4, Stadia, XONE;arcade;3 äåêàáðÿ 2020 ã.
What the Golf?;https://stopgame.ru/game/what_the_golf;https://images.stopgame.ru/games/2020/12/16/uF1uqHW4d.jpg;iOS, Mac, NSW, PC;logic;16 ñåíòÿáðÿ 2019 ã.
Choice of Life, The: Middle Ages;https://stopgame.ru/game/choice_of_life_middle_ages;https://images.stopgame.ru/games/2020/12/16/0-_qMSc.jpg;Linux, Mac, PC;logic, adventure;6 íîÿáðÿ 2020 ã.
October Night Games;https://stopgame.ru/game/october_night_games;https://images.stopgame.ru/games/2020/12/16/8fVCl_n.jpg;PC;rpg;29 îêòÿáðÿ 2020 ã.
Hoser Hockey;https://stopgame.ru/game/hoser_hockey;https://images.stopgame.ru/games/2020/12/16/-wTT4v7Y.jpg;PC;sport, arcade;30 íîÿáðÿ 2020 ã.
Elder Scrolls Online: Gates of Oblivion, The;https://stopgame.ru/game/elder_scrolls_online_gates_of_oblivion;https://images.stopgame.ru/games/2020/12/16/ittZQkd.jpg;PC, PS4, PS5, Stadia, XBOXSX, XONE;rpg;2021 ã.
Just Cause: Mobile;https://stopgame.ru/game/just_cause_mobile;https://images.stopgame.ru/games/2020/12/16/dB6LFXU.jpg;Android, iOS;action;2021 ã.
Season;https://stopgame.ru/game/season;https://images.stopgame.ru/games/2020/12/16/_OmVQ2G5.jpg;PC, PS5;adventure;2021 ã.
Crimson Desert;https://stopgame.ru/game/crimson_desert;https://images.stopgame.ru/games/2020/12/15/gHPagt6_h.jpg;PC;rpg;2021 ã.
Evil West;https://stopgame.ru/game/evil_west;https://images.stopgame.ru/games/2020/12/13/fuDVq459o.jpg;PC, PS4, PS5, XBOXSX, XONE;action;2021 ã.
Evil Dead: The Game;https://stopgame.ru/game/evil_dead_the_game;https://images.stopgame.ru/games/2020/12/13/K5RRT10.jpg;NSW, PC, PS4, PS5, XBOXSX, XONE;action;2021 ã.
Endless Dungeon;https://stopgame.ru/game/endless_dungeon;https://images.stopgame.ru/games/2020/12/13/m0K0J0EG.jpg;NSW, PC, PS4, PS5, XBOXSX, XONE;rpg, action;2021 ã.
ARK II;https://stopgame.ru/game/ark_ii;https://images.stopgame.ru/games/2020/12/13/f5QAlE1y.jpg;PC, XBOXSX;action;2022 ã.
Callisto Protocol, The;https://stopgame.ru/game/callisto_protocol;https://images.stopgame.ru/games/2020/12/13/MDCqvmdjD.jpg;PC, PS5, XBOXSX;action;2022 ã.
Perfect Dark (2022);https://stopgame.ru/game/perfect_dark_2022;https://images.stopgame.ru/games/2020/12/13/vaaI2gM9.jpg;PC, XBOXSX;action;2022 ã.
Open Roads;https://stopgame.ru/game/open_roads;https://images.stopgame.ru/games/2020/12/11/xBCY132.jpg;PC, PS4, PS5, XBOXSX, XONE;adventure;2021 ã.
Persona 5 Strikers;https://stopgame.ru/game/persona_5_strikers;https://images.stopgame.ru/games/2020/12/11/WZRKQDs.jpg;NSW, PC, PS4;action;20 ôåâðàëÿ 2020 ã.
Per Aspera;https://stopgame.ru/game/per_aspera;https://images.stopgame.ru/games/2020/12/11/Wo_C-Yn-u.jpg;PC;strategy;3 äåêàáðÿ 2020 ã.
Road 96;https://stopgame.ru/game/road_96;https://images.stopgame.ru/games/2020/12/11/CUOTfohTv.jpg;PC;adventure;2021 ã.
Gears 5: Hivebusters;https://stopgame.ru/game/gears_5_hivebusters;https://images.stopgame.ru/games/2020/12/10/uN9-Zlrty.jpg;PC, XBOXSX, XONE;action;15 äåêàáðÿ 2020 ã.
Night of the Dead;https://stopgame.ru/game/night_of_the_dead;https://images.stopgame.ru/games/2020/12/09/hn_N-JQ4H.jpg;PC;action;27 àâãóñòà 2020 ã.
Mask of the Rose;https://stopgame.ru/game/mask_of_the_rose;https://images.stopgame.ru/games/2020/12/08/_StdpF6JE.jpg;PC;adventure;2022 ã.
Sword of Destiny;https://stopgame.ru/game/sword_of_destiny;https://images.stopgame.ru/games/2020/12/06/TpkI4Jpz.jpg;PC;arcade;20 íîÿáðÿ 2020 ã.
Ruvato: Original Complex;https://stopgame.ru/game/ruvato_original_complex;https://images.stopgame.ru/games/2020/12/06/rxXYXvEpO.jpg;PC;arcade;19 íîÿáðÿ 2020 ã.
Metal Commando;https://stopgame.ru/game/metal_commando;https://images.stopgame.ru/games/2020/12/06/RPaiKkFPk.jpg;PC;arcade;18 íîÿáðÿ 2020 ã.
Ghostship Chronicles;https://stopgame.ru/game/ghostship_chronicles;https://images.stopgame.ru/games/2020/12/06/mJhcEu3.jpg;PC;action;17 íîÿáðÿ 2020 ã.
Pier Pressure;https://stopgame.ru/game/pier_pressure;https://images.stopgame.ru/games/2020/12/06/HhmBkPg.jpg;Linux, Mac, PC;arcade;13 íîÿáðÿ 2020 ã.
XIBALBA;https://stopgame.ru/game/xibalba;https://images.stopgame.ru/games/2020/12/06/ujRn1tN.jpg;PC;adventure;13 íîÿáðÿ 2020 ã.
Kelipot;https://stopgame.ru/game/kelipot;https://images.stopgame.ru/games/2020/12/06/QPdgMPF.jpg;PC;arcade;3 íîÿáðÿ 2020 ã.
Gunnhildr;https://stopgame.ru/game/gunnhildr;https://images.stopgame.ru/games/2020/12/06/ClZ4rM8.jpg;PC;action;17 íîÿáðÿ 2020 ã.
Landflix Odyssey;https://stopgame.ru/game/landflix_odyssey;https://images.stopgame.ru/games/2020/12/06/kns4_ktum.jpg;Mac, PC;arcade;12 íîÿáðÿ 2020 ã.
Iron Reckoning;https://stopgame.ru/game/iron_reckoning;https://images.stopgame.ru/games/2020/12/04/peSWCwr.jpg;Linux, Mac, PC;action;5 íîÿáðÿ 2020 ã.
Field Hospital: Dr. Taylor's Story;https://stopgame.ru/game/field_hospital_dr_taylor_s_story;https://images.stopgame.ru/games/2020/12/04/L8pbc49.jpg;PC;adventure;27 íîÿáðÿ 2020 ã.
Project Wingman;https://stopgame.ru/game/project_wingman;https://images.stopgame.ru/games/2020/12/03/avNpRHaoa.jpg;PC;simulator;1 äåêàáðÿ 2020 ã.
Unto the End;https://stopgame.ru/game/unto_the_end;https://images.stopgame.ru/games/2020/11/29/GCMOyyk.jpg;NSW, PC, PS4, Stadia, XONE;arcade;9 äåêàáðÿ 2020 ã.
Tesla Force;https://stopgame.ru/game/tesla_force;https://images.stopgame.ru/games/2020/11/27/C24ezh5w.jpg;PC;rpg, action;19 íîÿáðÿ 2020 ã.
Exit Limbo: Opening;https://stopgame.ru/game/exit_limbo_opening;https://images.stopgame.ru/games/2020/11/26/s9LZQCocS.jpg;PC;action, fighting;5 íîÿáðÿ 2020 ã.
YesterMorrow;https://stopgame.ru/game/yestermorrow;https://images.stopgame.ru/games/2020/11/26/1_Si_pwn6.jpg;PC;arcade;5 íîÿáðÿ 2020 ã.
Sakuna: Of Rice and Ruin;https://stopgame.ru/game/sakuna_of_rice_and_ruin;https://images.stopgame.ru/games/2020/11/26/S-NwCxAl.jpg;NSW, PC, PS4;arcade;10 íîÿáðÿ 2020 ã.
Be : Twin;https://stopgame.ru/game/be_twin;https://images.stopgame.ru/games/2020/11/26/pY5nqKNdF.jpg;PC;action;17 íîÿáðÿ 2020 ã.
Grey Skies: A War of the Worlds Story;https://stopgame.ru/game/grey_skies_a_war_of_the_worlds_story;https://images.stopgame.ru/games/2020/11/26/PHhUlqMB.jpg;PC, PS4, XONE;adventure;5 íîÿáðÿ 2020 ã.
Fallen Region;https://stopgame.ru/game/fallen_region;https://images.stopgame.ru/games/2020/11/26/V0jPUCc.jpg;PC;action;2 íîÿáðÿ 2020 ã.
Modern Warships;https://stopgame.ru/game/modern_warships;https://images.stopgame.ru/games/2020/11/26/iGjwq_jz.jpg;Android, iOS;action;2021 ã.
Tomb Raider Reloaded;https://stopgame.ru/game/tomb_raider_reloaded;https://images.stopgame.ru/games/2020/11/24/9oSjjj-UR.jpg;Android, iOS;arcade;2021 ã.
Neo: The World Ends with You;https://stopgame.ru/game/neo_the_world_ends_with_you;https://images.stopgame.ru/games/2020/11/24/Qm_iqR-.jpg;NSW, PS4;rpg;2021 ã.
Wobbledogs;https://stopgame.ru/game/wobbledogs;https://images.stopgame.ru/games/2020/11/24/bOuLwLe.jpg;PC;simulator;1 ÿíâàðÿ 2021 ã.
Last Show of Mr. Chardish, The;https://stopgame.ru/game/last_show_of_mr_chardish;https://images.stopgame.ru/games/2020/11/23/yE4fxm0.jpg;PC;adventure;5 íîÿáðÿ 2020 ã.
DYSMANTLE;https://stopgame.ru/game/dysmantle;https://images.stopgame.ru/games/2020/11/23/yvCWQjbDA.jpg;PC;rpg;6 íîÿáðÿ 2020 ã.
Project 007;https://stopgame.ru/game/project_007;https://images.stopgame.ru/games/2020/11/23/j87zeVWA.jpg;PC, PS5, XBOXSX;action;2022 ã.
SpellForce 3: Fallen God;https://stopgame.ru/game/spellforce_3_fallen_god;https://images.stopgame.ru/games/2020/11/23/-GJszB7nS.jpg;PC;rpg, action;3 íîÿáðÿ 2020 ã.
Sink Again;https://stopgame.ru/game/sink_again;https://images.stopgame.ru/games/2020/11/22/a3m2W1wE.jpg;PC;arcade;17 äåêàáðÿ 2020 ã.
CyberHive;https://stopgame.ru/game/cyberhive;https://images.stopgame.ru/games/2020/11/22/ldd0Xo0Ej.jpg;Linux, Mac, PC;rpg;3 íîÿáðÿ 2020 ã.
Mortal Kombat 11 Ultimate;https://stopgame.ru/game/mortal_kombat_11_ultimate;https://images.stopgame.ru/games/2020/11/17/r2Rdky5_d.jpg;NSW, PC, PS4, PS5, Stadia, XBOXSX, XONE;fighting;17 íîÿáðÿ 2020 ã.
Destiny 2: Beyond Light;https://stopgame.ru/game/destiny_2_beyond_light;https://images.stopgame.ru/games/2020/11/16/Kk_6rdE.jpg;PC, PS4, PS5, Stadia, XBOXSX, XONE;action;10 íîÿáðÿ 2020 ã.
Crypt Stalker;https://stopgame.ru/game/crypt_stalker;https://images.stopgame.ru/games/2020/11/12/V0L9tayQN.jpg;PC;arcade;30 îêòÿáðÿ 2020 ã.
Today Is My Birthday;https://stopgame.ru/game/today_is_my_birthday;https://images.stopgame.ru/games/2020/11/12/88nlCtmMd.jpg;PC;adventure;30 îêòÿáðÿ 2020 ã.
Sam & Max Save the World Remastered;https://stopgame.ru/game/sam_max_save_the_world_remastered;https://images.stopgame.ru/games/2020/11/12/RYU42m333.jpg;NSW, PC;adventure;2 äåêàáðÿ 2020 ã.
Mass Effect: Legendary Edition;https://stopgame.ru/game/mass_effect_legendary_edition;https://images.stopgame.ru/games/2020/11/12/U6h8Pzuu.jpg;PC, PS4, PS5, XBOXSX, XONE;action;2021 ã.
Stirring Abyss;https://stopgame.ru/game/stirring_abyss;https://images.stopgame.ru/games/2020/11/11/KiLXOCBqR.jpg;PC;strategy;29 îêòÿáðÿ 2020 ã.
Tenderfoot Tactics;https://stopgame.ru/game/tenderfoot_tactics;https://images.stopgame.ru/games/2020/11/08/O3tT8hbC6.jpg;Mac, PC;rpg;21 îêòÿáðÿ 2020 ã.
Crown Trick;https://stopgame.ru/game/crown_trick;https://images.stopgame.ru/games/2020/11/04/01q4shF.jpg;NSW, PC, PS4;rpg;16 îêòÿáðÿ 2020 ã.
Space Avenger  Empire of Nexx;https://stopgame.ru/game/space_avenger_empire_of_nexx;https://images.stopgame.ru/games/2020/11/04/8df-zAG.jpg;PC;arcade;9 îêòÿáðÿ 2020 ã.
Dustoff Z;https://stopgame.ru/game/dustoff_z;https://images.stopgame.ru/games/2020/11/04/ITvkFAt7w.jpg;PC;action;15 îêòÿáðÿ 2020 ã.
Xuan-Yuan Sword VII;https://stopgame.ru/game/xuan_yuan_sword_vii;https://images.stopgame.ru/games/2020/11/04/dJNmaz1xJ.jpg;PC, PS4, XONE;rpg;29 îêòÿáðÿ 2020 ã.
Barn Finders;https://stopgame.ru/game/barn_finders;https://images.stopgame.ru/games/2020/11/04/caUgzDN4.jpg;PC;adventure;15 èþíÿ 2020 ã.
In Silence;https://stopgame.ru/game/in_silence;https://images.stopgame.ru/games/2020/11/04/AIH4kpnWU.jpg;Mac, PC;adventure;16 îêòÿáðÿ 2020 ã.
Carto;https://stopgame.ru/game/carto;https://images.stopgame.ru/games/2020/11/04/aF8jZQS.jpg;Mac, NSW, PC, PS4, XONE;adventure;27 îêòÿáðÿ 2020 ã.
Dark Pictures: House of Ashes, The;https://stopgame.ru/game/dark_pictures_house_of_ashes;https://images.stopgame.ru/games/2020/11/02/9HmcZS-b.jpg;, PC, PS4, PS5, XONE;adventure;2021 ã.
ScourgeBringer;https://stopgame.ru/game/scourgebringer;https://images.stopgame.ru/games/2020/11/01/6puEBto-.jpg;Mac, NSW, PC, XONE;arcade;21 îêòÿáðÿ 2020 ã.
Foregone;https://stopgame.ru/game/foregone;https://images.stopgame.ru/games/2020/10/29/ejxItdR.jpg;NSW, PC, PS4, XONE;arcade;5 îêòÿáðÿ 2020 ã.
My Time at Sandrock;https://stopgame.ru/game/my_time_at_sandrock;https://images.stopgame.ru/games/2020/10/28/PJL67nZQA.jpg;NSW, PC, PS4, PS5, XBOXSX, XONE;adventure;2021 ã.
Action Taimanin;https://stopgame.ru/game/action_taimanin;https://images.stopgame.ru/games/2020/10/27/EKVT60cb4.jpg;PC;adventure;5 îêòÿáðÿ 2020 ã.
WRC 9;https://stopgame.ru/game/wrc_9;https://images.stopgame.ru/games/2020/10/26/g0qXHH5-.jpg;NSW, PC, PS4, PS5, XBOXSX, XONE;racing;1 ñåíòÿáðÿ 2020 ã.
Ring of Pain;https://stopgame.ru/game/ring_of_pain;https://images.stopgame.ru/games/2020/10/26/nIdap4a.jpg;Mac, NSW, PC;rpg;15 îêòÿáðÿ 2020 ã.
Phasmophobia;https://stopgame.ru/game/phasmophobia;https://images.stopgame.ru/games/2020/10/23/hbQytPlM.jpg;PC;adventure;2020 ã.
Wingspan (Êðûëüÿ);https://stopgame.ru/game/wingspan;https://images.stopgame.ru/games/2020/10/22/swd5vxww-.jpg;Mac, NSW, PC;cards;17 ñåíòÿáðÿ 2020 ã.
Art of Rally;https://stopgame.ru/game/art_of_rally;https://images.stopgame.ru/games/2020/10/22/RJW3tiCG5.jpg;Mac, PC;racing;23 ñåíòÿáðÿ 2020 ã.
Titan Chaser;https://stopgame.ru/game/titan_chaser;https://images.stopgame.ru/games/2020/10/22/-P0mVt3.jpg;PC;adventure;29 ìàÿ 2020 ã.
HAAK;https://stopgame.ru/game/haak;https://images.stopgame.ru/games/2020/10/22/zZiLjCEOW.jpg;PC;arcade;16 ñåíòÿáðÿ 2020 ã.
As Far as the Eye;https://stopgame.ru/game/as_far_as_the_eye;https://images.stopgame.ru/games/2020/10/22/zowHRM2.jpg;PC;strategy;10 ñåíòÿáðÿ 2020 ã.
When the Past Was Around;https://stopgame.ru/game/when_the_past_was_around;https://images.stopgame.ru/games/2020/10/21/gUUwgQnK.jpg;Mac, NSW, PC, PS4, XONE;adventure;22 ñåíòÿáðÿ 2020 ã.
G String;https://stopgame.ru/game/g_string;https://images.stopgame.ru/games/2020/10/20/_i5bgCK_.jpg;PC;action;16 îêòÿáðÿ 2020 ã.
King Arthur: Knight's Tale;https://stopgame.ru/game/king_arthur_knight_s_tale;https://images.stopgame.ru/games/2020/10/19/YlY36CYns.jpg;PC, PS5, XBOXSX;rpg;2021 ã.
Trollhunters: Defenders of Arcadia;https://stopgame.ru/game/trollhunters_defenders_of_arcadia;https://images.stopgame.ru/games/2020/10/18/pSC_gWt6.jpg;NSW, PC, PS4, XONE;arcade;24 ñåíòÿáðÿ 2020 ã.
Girl of Glass: A Summer Bird's Tale, The;https://stopgame.ru/game/girl_of_glass_a_summer_bird_s_tale;https://images.stopgame.ru/games/2020/10/14/aVzV5x9.jpg;PC;adventure;22 ñåíòÿáðÿ 2020 ã.
I Am Dead;https://stopgame.ru/game/i_am_dead;https://images.stopgame.ru/games/2020/10/14/lzSKlZcoX.jpg;NSW, PC;adventure;8 îêòÿáðÿ 2020 ã.
Halo 2: Anniversary;https://stopgame.ru/game/halo_2_anniversary;https://images.stopgame.ru/games/2020/10/12/scGCS7XO.jpg;PC;action;12 ìàÿ 2020 ã.
From Jianghu;https://stopgame.ru/game/from_jianghu;https://images.stopgame.ru/games/2020/10/12/YT2ymPa.jpg;PC;strategy;24 èþëÿ 2020 ã.
Against the Moon;https://stopgame.ru/game/against_the_moon;https://images.stopgame.ru/games/2020/10/11/OJCupxYt.jpg;Mac, PC;strategy;24 ñåíòÿáðÿ 2020 ã.
Party Animals;https://stopgame.ru/game/party_animals;https://images.stopgame.ru/games/2020/10/09/nRv9NVGoQ.jpg;PC;adventure;2020 ã.
Red Lantern, The;https://stopgame.ru/game/red_lantern;https://images.stopgame.ru/games/2020/10/08/eIp6Kzwc.jpg;NSW, PC, XONE;adventure;22 îêòÿáðÿ 2020 ã.
Solitaire Conspiracy, The;https://stopgame.ru/game/solitaire_conspiracy;https://images.stopgame.ru/games/2020/10/06/1hGUTZ1.jpg;Mac, PC;cards;6 îêòÿáðÿ 2020 ã.
Genshin Impact;https://stopgame.ru/game/genshin_impact;https://images.stopgame.ru/games/2020/10/06/Np6pt2Nm.jpg;Android, iOS, NSW, PC, PS4;rpg;28 ñåíòÿáðÿ 2020 ã.
Need for Speed: Hot Pursuit Remastered;https://stopgame.ru/game/need_for_speed_hot_pursuit_remastered;https://images.stopgame.ru/games/2020/10/06/GY4id-4C.jpg;NSW, PC, PS4, XONE;arcade, racing;6 íîÿáðÿ 2020 ã.
Super Mario Bros. 35;https://stopgame.ru/game/super_mario_bros_35;https://images.stopgame.ru/games/2020/10/05/YdIRt-8.jpg;NSW;arcade;1 îêòÿáðÿ 2020 ã.
Dungeon of Naheulbeuk: The Amulet of Chaos, The;https://stopgame.ru/game/dungeon_of_naheulbeuk_the_amulet_of_chaos;https://images.stopgame.ru/games/2020/10/04/DCReO36.jpg;Mac, PC;rpg;17 ñåíòÿáðÿ 2020 ã.
Artificer: Science of Magic;https://stopgame.ru/game/artificer_science_of_magic;https://images.stopgame.ru/games/2020/10/02/2ugigOPEb.jpg;PC;rpg;10 ñåíòÿáðÿ 2020 ã.
Star Renegades;https://stopgame.ru/game/star_renegades;https://images.stopgame.ru/games/2020/09/30/VhrCMPh7.jpg;Mac, NSW, PC, PS4, XONE;rpg, strategy;8 ñåíòÿáðÿ 2020 ã.
Eastern Exorcist;https://stopgame.ru/game/eastern_exorcist;https://images.stopgame.ru/games/2020/09/30/8hsfB_Q7.jpg;PC;rpg;14 àâãóñòà 2020 ã.
Binding of Isaac: Repentance, The;https://stopgame.ru/game/binding_of_isaac_repentance;https://images.stopgame.ru/games/2020/09/30/8pcgsnx2.jpg;PC;arcade;2021 ã.
Transformers: Battlegrounds;https://stopgame.ru/game/transformers_battlegrounds;https://images.stopgame.ru/games/2020/09/27/NsrR7yjGA.jpg;NSW, PC, PS4, XONE;arcade;23 îêòÿáðÿ 2020 ã.
13 Sentinels: Aegis Rim;https://stopgame.ru/game/13_sentinels_aegis_rim;https://images.stopgame.ru/games/2020/09/27/nbwkHgt.jpg;PS4, PSV;rpg;28 íîÿáðÿ 2019 ã.
Soda Dungeon 2;https://stopgame.ru/game/soda_dungeon_2;https://images.stopgame.ru/games/2020/09/24/-9uYMPX.jpg;Mac, PC;rpg;9 èþëÿ 2020 ã.
Little Witch Nobeta;https://stopgame.ru/game/little_witch_nobeta;https://images.stopgame.ru/games/2020/09/24/EbjW4A0.jpg;PC;adventure;23 èþíÿ 2020 ã.
Jets'n'Guns 2;https://stopgame.ru/game/jets_n_guns_2;https://images.stopgame.ru/games/2020/09/24/fR7PxlM.jpg;NSW, PC;arcade;24 èþëÿ 2020 ã.
NBA 2K21;https://stopgame.ru/game/nba_2k21;https://images.stopgame.ru/games/2020/09/23/u799NEYJ3.jpg;NSW, PC, PS4, PS5, Stadia, XBOXSX, XONE;sport;4 ñåíòÿáðÿ 2020 ã.
Medieval Dynasty;https://stopgame.ru/game/medieval_dynasty;https://images.stopgame.ru/games/2020/09/21/ewIJvC81R.jpg;PC;strategy;2020 ã.
StopGate;https://stopgame.ru/game/stopgate;https://images.stopgame.ru/games/2020/09/21/6EeKQjM.jpg;PC;adventure;1 ñåíòÿáðÿ 2020 ã.
Monster's Expedition, A;https://stopgame.ru/game/monster_s_expedition_a;https://images.stopgame.ru/games/2020/09/21/Ofp-jqEJ.jpg;Mac, PC;logic;10 ñåíòÿáðÿ 2020 ã.
Post Void;https://stopgame.ru/game/post_void;https://images.stopgame.ru/games/2020/09/21/ZLwu3bAY.jpg;PC;action;6 àâãóñòà 2020 ã.
Gunfire Reborn;https://stopgame.ru/game/gunfire_reborn;https://images.stopgame.ru/games/2020/09/19/5JKQVl7D.jpg;PC;action;22 ìàÿ 2020 ã.
Monster Hunter Stories 2: Wings of Ruin;https://stopgame.ru/game/monster_hunter_stories_2_wings_of_ruin;https://images.stopgame.ru/games/2020/09/19/dQYchbPPR.jpg;NSW;rpg;2021 ã.
Monster Hunter Rise;https://stopgame.ru/game/monster_hunter_rise;https://images.stopgame.ru/games/2020/09/19/XstlhLB.jpg;NSW;rpg;26 ìàðòà 2021 ã.
Centralia: Homecoming;https://stopgame.ru/game/centralia_homecoming;https://images.stopgame.ru/games/2020/09/18/nCozwbqp.jpg;PC;adventure;26 îêòÿáðÿ 2019 ã.
I'm Russia;https://stopgame.ru/game/i_m_russia;https://images.stopgame.ru/games/2020/09/18/WUo5EwO.jpg;PC;arcade;27 àâãóñòà 2020 ã.
Craftopia;https://stopgame.ru/game/craftopia;https://images.stopgame.ru/games/2020/09/18/Wxd6Gc-w.jpg;PC;adventure;4 ñåíòÿáðÿ 2020 ã.
Bite the Bullet;https://stopgame.ru/game/bite_the_bullet;https://images.stopgame.ru/games/2020/09/18/v_2xpyjt.jpg;Linux, Mac, PC;arcade;13 àâãóñòà 2020 ã.
Take That;https://stopgame.ru/game/take_that;https://images.stopgame.ru/games/2020/09/18/ctBFVqa.jpg;Mac, PC;action;21 àâãóñòà 2020 ã.
Devil May Cry 5 Special Edition;https://stopgame.ru/game/devil_may_cry_5_special_edition;https://images.stopgame.ru/site/logos/empty_logo1.jpg;PS5, XBOXSX;action;10 íîÿáðÿ 2020 ã.
Hogwarts Legacy;https://stopgame.ru/game/hogwarts_legacy;https://images.stopgame.ru/games/2020/09/17/Fszm2jqs.jpg;PC, PS4, PS5, XBOXSX, XONE;rpg;2021 ã.
Final Fantasy XVI;https://stopgame.ru/game/final_fantasy_xvi;https://images.stopgame.ru/games/2020/09/17/eeq57LX.jpg;PC, PS5;rpg;2022 ã.
Super Mario 3D All-Stars;https://stopgame.ru/game/super_mario_3d_all_stars;https://images.stopgame.ru/games/2020/09/15/ECCbkz9.jpg;NSW;arcade;18 ñåíòÿáðÿ 2020 ã.
Sword Art Online: Alicization Lycoris;https://stopgame.ru/game/sword_art_online_alicization_lycoris;https://images.stopgame.ru/games/2020/09/14/l1O8nHaM.jpg;PC, PS4, XONE;rpg;9 èþëÿ 2020 ã.
Infected, The;https://stopgame.ru/game/infected;https://images.stopgame.ru/games/2020/09/14/UvjLSRs.jpg;PC;action;6 àâãóñòà 2020 ã.
Little Reaper;https://stopgame.ru/game/little_reaper;https://images.stopgame.ru/games/2020/09/14/jh0wCM9k.jpg;PC;arcade;19 èþëÿ 2020 ã.
Sims 4: Star Wars - Journey to Batuu, The;https://stopgame.ru/game/sims_4_star_wars_journey_to_batuu;https://images.stopgame.ru/games/2020/09/14/8AgnltBNc.jpg;Mac, PC, PS4, XONE;simulator;8 ñåíòÿáðÿ 2020 ã.
Conan Exiles: Isle of Siptah;https://stopgame.ru/game/conan_exiles_isle_of_siptah;https://images.stopgame.ru/site/logos/empty_logo1.jpg;PC, PS4, XONE;action;2020 ã.
Riders Republic;https://stopgame.ru/game/riders_republic;https://images.stopgame.ru/games/2020/09/11/YFaMkFh.jpg;, PC, PS4, PS5, Stadia, XONE;racing, sport;2021 ã.
Prince of Persia: The Sands of Time Remake;https://stopgame.ru/game/prince_of_persia_the_sands_of_time_remake;https://images.stopgame.ru/games/2020/09/11/9axpuooq.jpg;PC, PS4, XONE;action;2021 ã.
Phoenotopia: Awakening;https://stopgame.ru/game/phoenotopia_awakening;https://images.stopgame.ru/games/2020/09/11/6tW5ZCa.jpg;NSW, PC;arcade;20 àâãóñòà 2020 ã.
Chronos: Before the Ashes;https://stopgame.ru/game/chronos_before_the_ashes;https://images.stopgame.ru/games/2020/09/11/_SnLq5xS.jpg;NSW, PC, PS4, Stadia, XONE;action;1 äåêàáðÿ 2020 ã.
Brutal Fate;https://stopgame.ru/game/brutal_fate;https://images.stopgame.ru/site/logos/empty_logo1.jpg;PC;action;1 ÿíâàðÿ 2021 ã.
Fallen Aces;https://stopgame.ru/game/fallen_aces;https://images.stopgame.ru/games/2020/09/10/pqloAqe.jpg;PC;action;2021 ã.
Eternal Hope;https://stopgame.ru/game/eternal_hope;https://images.stopgame.ru/games/2020/09/10/6SqXW3ScA.jpg;PC, XONE;arcade;20 àâãóñòà 2020 ã.
Inmost;https://stopgame.ru/game/inmost;https://images.stopgame.ru/games/2020/09/10/fgrdlyf.jpg;iOS, Mac, NSW, PC;arcade;11 îêòÿáðÿ 2019 ã.
Hyrule Warriors: Age of Calamity;https://stopgame.ru/game/hyrule_warriors_age_of_calamity;https://images.stopgame.ru/games/2020/09/10/iiDhwIOMK.jpg;NSW;action;20 íîÿáðÿ 2020 ã.
3 Out of 10;https://stopgame.ru/game/3_out_of_10;https://images.stopgame.ru/games/2020/09/08/3fGna3mi.jpg;PC;adventure;6 àâãóñòà 2020 ã.
Samurai Jack: Battle Through Time;https://stopgame.ru/game/samurai_jack_battle_through_time;https://images.stopgame.ru/games/2020/09/08/GPnx9Id.jpg;NSW, PC, PS4, XONE;action;21 àâãóñòà 2020 ã.
Graven;https://stopgame.ru/game/graven;https://images.stopgame.ru/games/2020/09/07/XCWh0ov.jpg;NSW, PC, PS4, PS5, XBOXSX, XONE;action;2021 ã.
Postal: Brain Damaged;https://stopgame.ru/game/postal_brain_damaged;https://images.stopgame.ru/games/2020/09/07/2kXhVKZ.jpg;PC, PS4, XONE;action;2021 ã.
Ultrakill;https://stopgame.ru/game/ultrakill;https://images.stopgame.ru/games/2020/09/07/IQntynQQ.jpg;PC;action;2020 ã.
Bounty Battle;https://stopgame.ru/game/bounty_battle;https://images.stopgame.ru/games/2020/09/06/sTr9YNSBN.jpg;NSW, PC, PS4, XONE;arcade;10 ñåíòÿáðÿ 2020 ã.
Helheim Hassle;https://stopgame.ru/game/helheim_hassle;https://images.stopgame.ru/games/2020/09/06/qpWM60X.jpg;Linux, Mac, PC;adventure;18 àâãóñòà 2020 ã.
Is It Wrong to Try to Pick Up Girls in a Dungeon? - Infinite Combate;https://stopgame.ru/game/is_it_wrong_to_try_to_pick_up_girls_in_a_dungeon_infinite_combate;https://images.stopgame.ru/games/2020/09/06/gOXX2lNb.jpg;NSW, PC, PS4, PSV;rpg;28 íîÿáðÿ 2019 ã.
Grand Tactician: The Civil War (1861-1865);https://stopgame.ru/game/grand_tactician_the_civil_war_1861_1865;https://images.stopgame.ru/games/2020/09/06/8KH9OFn9.jpg;PC;strategy;21 àâãóñòà 2020 ã.
"Death end re;Quest 2";https://stopgame.ru/game/death_end_re_quest_2;https://images.stopgame.ru/games/2020/09/06/frHnbM-eN.jpg;PC, PS4;rpg;13 ôåâðàëÿ 2020 ã.
Parkasaurus;https://stopgame.ru/game/parkasaurus;https://images.stopgame.ru/games/2020/09/06/VVq3FTT.jpg;PC;strategy;13 àâãóñòà 2020 ã.
Dungeon Defenders: Awakened;https://stopgame.ru/game/dungeon_defenders_awakened;https://images.stopgame.ru/games/2020/09/06/V0dr02pI0.jpg;NSW, PC, PS4, XONE;rpg;28 ìàÿ 2020 ã.
Sam & Max: This Time It's Virtual;https://stopgame.ru/game/sam_max_this_time_it_s_virtual;https://images.stopgame.ru/games/2020/09/06/PylQKbSu.jpg;PC;adventure;2021 ã.
Stone of Madness, The;https://stopgame.ru/game/stone_of_madness;https://images.stopgame.ru/games/2020/09/06/o_zkM9tBi.jpg;NSW, PC, PS5, XBOXSX;strategy;2021 ã.
Witcher: Monster Slayer, The;https://stopgame.ru/game/witcher_monster_slayer;https://images.stopgame.ru/games/2020/09/06/oei569L.jpg;Android, iOS;rpg;31 àâãóñòà 2020 ã.
Ary and the Secret of Seasons;https://stopgame.ru/game/ary_and_the_secret_of_seasons;https://images.stopgame.ru/games/2020/09/05/soYVVVVJ.jpg;NSW, PC, PS4, Stadia, XONE;action;31 àâãóñòà 2020 ã.
Captain Tsubasa: Rise of New Champions;https://stopgame.ru/game/captain_tsubasa_rise_of_new_champions;https://images.stopgame.ru/games/2020/09/03/CHczF8J.jpg;NSW, PC, PS4;arcade;27 àâãóñòà 2020 ã.
Madden NFL 21;https://stopgame.ru/game/madden_nfl_21;https://images.stopgame.ru/games/2020/09/03/gv83eDIz.jpg;PC, PS4, PS5, Stadia, XBOXSX, XONE;sport;28 àâãóñòà 2020 ã.
Control Expansion 2: AWE;https://stopgame.ru/game/control_expansion_2_awe;https://images.stopgame.ru/games/2020/09/02/zvduEj4.jpg;PC, PS4, XONE;action;27 àâãóñòà 2020 ã.
White Shadows;https://stopgame.ru/game/white_shadows;https://images.stopgame.ru/games/2020/09/02/Nks8ppZd.jpg;PC, PS5, XBOXSX;arcade;2021 ã.
Boss Rush: Mythology;https://stopgame.ru/game/boss_rush_mythology;https://images.stopgame.ru/games/2020/08/31/hyP5JVS4.jpg;PC;action, arcade;10 èþëÿ 2020 ã.
For the People;https://stopgame.ru/game/for_the_people;https://images.stopgame.ru/games/2020/08/31/UcB1XQis.jpg;Linux, Mac, PC;simulator;13 àâãóñòà 2020 ã.
Desperados 3: Money for the Vultures  Part 1: Late to the Party;https://stopgame.ru/game/desperados_3_money_for_the_vultures_part_1_late_to_the_party;https://images.stopgame.ru/site/logos/empty_logo1.jpg;Mac, PC, PS4, XONE;strategy;2 ñåíòÿáðÿ 2020 ã.
Doom Eternal: The Ancient Gods, Part One;https://stopgame.ru/game/doom_eternal_the_ancient_gods_part_one;https://images.stopgame.ru/games/2020/08/31/CQpTF4twG.jpg;NSW, PC, PS4, PS5, Stadia, XBOXSX, XONE;action;20 îêòÿáðÿ 2020 ã.
Aragami 2;https://stopgame.ru/game/aragami_2;https://images.stopgame.ru/games/2020/08/31/V02MKFS.jpg;PC, PS4, PS5, XBOXSX, XONE;action;2021 ã.
War Mongrels;https://stopgame.ru/game/war_mongrels;https://images.stopgame.ru/games/2020/09/08/fri3Cl652.jpg;PC, PS4, PS5, XBOXSX, XONE;strategy;2021 ã.
Age of Empires III: Definitive Edition;https://stopgame.ru/game/age_of_empires_iii_definitive_edition;https://images.stopgame.ru/games/2020/08/30/KPB7mQzE.jpg;PC;strategy;15 îêòÿáðÿ 2020 ã.
Teardown;https://stopgame.ru/game/teardown;https://images.stopgame.ru/games/2020/08/30/0muds4UN.jpg;PC;action;2020 ã.
Combat Mission Shock Force 2;https://stopgame.ru/game/combat_mission_shock_force_2;https://images.stopgame.ru/games/2020/08/30/DQj9D-Q.jpg;PC;strategy;1 ñåíòÿáðÿ 2020 ã.
EA Sports UFC 4;https://stopgame.ru/game/ea_sports_ufc_4;https://images.stopgame.ru/games/2020/08/29/gzomg_tN.jpg;PS4, PS5, XBOXSX, XONE;sport;14 àâãóñòà 2020 ã.
Double Kick Heroes;https://stopgame.ru/game/double_kick_heroes;https://images.stopgame.ru/games/2020/08/27/gcwlBmmhn.jpg;Mac, NSW, PC, XONE;arcade;13 àâãóñòà 2020 ã.
Strategic Mind: Fight for Freedom;https://stopgame.ru/game/strategic_mind_fight_for_freedom;https://images.stopgame.ru/games/2020/08/26/JLdetoy.jpg;PC;strategy;2021 ã.
Borderlands 3: Psycho Krieg and the Fantastic Fustercluck;https://stopgame.ru/game/borderlands_3_psycho_krieg_and_the_fantastic_fustercluck;https://images.stopgame.ru/games/2020/08/26/TlT8O1V.jpg;, PC, PS4, PS5, Stadia, XONE;action;10 ñåíòÿáðÿ 2020 ã.
Metamorphosis;https://stopgame.ru/game/metamorphosis;https://images.stopgame.ru/games/2020/08/25/jQNZQfDV.jpg;NSW, PC, PS4, XONE;arcade;12 àâãóñòà 2020 ã.
Citadel, The;https://stopgame.ru/game/citadel;https://images.stopgame.ru/games/2020/08/24/o_qovI6.jpg;PC;action;5 àâãóñòà 2020 ã.
Grindstone;https://stopgame.ru/game/grindstone;https://images.stopgame.ru/games/2020/08/24/NKPROFZk.jpg;iOS, NSW;logic;19 ñåíòÿáðÿ 2019 ã.
Gotham Knights;https://stopgame.ru/game/gotham_knights;https://images.stopgame.ru/games/2020/08/24/IJiC9aftR.jpg;PC, PS4, PS5, XBOXSX, XONE;action;2021 ã.
Suicide Squad: Kill the Justice League;https://stopgame.ru/game/suicide_squad_kill_the_justice_league;https://images.stopgame.ru/games/2020/08/24/5L0hAOgR5.jpg;PC, PS5, XBOXSX;action;2022 ã.
Fairy Tail;https://stopgame.ru/game/fairy_tail;https://images.stopgame.ru/games/2020/08/23/PPvWrfG.jpg;NSW, PC, PS4;rpg;30 èþëÿ 2020 ã.
COLD DEPTH;https://stopgame.ru/game/cold_depth;https://images.stopgame.ru/games/2020/08/22/d9nGj8W.jpg;PC;adventure, action;1 àâãóñòà 2021 ã.
Transport INC;https://stopgame.ru/game/transport_inc;https://images.stopgame.ru/games/2020/08/22/OIMn_GV.jpg;PC;strategy, simulator;27 àâãóñòà 2020 ã.
5D Chess With Multiverse Time Travel;https://stopgame.ru/game/5d_chess_with_multiverse_time_travel;https://images.stopgame.ru/games/2020/08/21/VmMAaLT.jpg;PC;logic;22 èþëÿ 2020 ã.
Golden Light;https://stopgame.ru/game/golden_light;https://images.stopgame.ru/games/2020/08/21/OjEGpBg.jpg;PC;adventure;10 èþëÿ 2020 ã.
Martha Is Dead;https://stopgame.ru/game/martha_is_dead;https://images.stopgame.ru/games/2020/08/21/wSPt30Y.jpg;, PC, PS4, PS5, XONE;adventure;2021 ã.
Fae Tactics;https://stopgame.ru/game/fae_tactics;https://images.stopgame.ru/games/2020/08/20/tkzIeOmC.jpg;NSW, PC;strategy;31 èþëÿ 2020 ã.
Call of Duty: Black Ops - Cold War;https://stopgame.ru/game/call_of_duty_black_ops_cold_war;https://images.stopgame.ru/games/2020/09/02/fRsefMGh.jpg;PC, PS4, PS5, XBOXSX, XONE;action;13 íîÿáðÿ 2020 ã.
Orwell's Animal Farm;https://stopgame.ru/game/orwell_s_animal_farm;https://images.stopgame.ru/games/2020/08/17/vgnDjFraV.jpg;PC;adventure;2020 ã.
There Is No Game : Wrong Dimension;https://stopgame.ru/game/there_is_no_game_wrong_dimension;https://images.stopgame.ru/games/2020/08/16/XQ4LhU_nG.jpg;Mac, PC;adventure;6 àâãóñòà 2020 ã.
Flight Catastrophe;https://stopgame.ru/game/flight_catastrophe;https://images.stopgame.ru/games/2020/08/13/sNNeZhZt.jpg;PC;simulator, strategy;2021 ã.
Control Ultimate Edition;https://stopgame.ru/game/control_ultimate_edition;https://images.stopgame.ru/games/2020/08/13/nTwmN6Phe.jpg;, NSW, PC, PS4, PS5, XONE;action;27 àâãóñòà 2020 ã.
Iron Conflict;https://stopgame.ru/game/iron_conflict;https://images.stopgame.ru/games/2020/08/13/qH0V2E9iG.jpg;PC;action, strategy;2021 ã.
Necrobarista;https://stopgame.ru/game/necrobarista;https://images.stopgame.ru/games/2020/08/11/6r6yBZb.jpg;iOS, Mac, NSW, PC, PS4;adventure;18 èþëÿ 2020 ã.
Hood: Outlaws & Legends;https://stopgame.ru/game/hood_outlaws_legends;https://images.stopgame.ru/games/2020/08/11/p9qw-O1a.jpg;PC, PS4, PS5, XBOXSX, XONE;action;2021 ã.
Braid: Anniversary Edition;https://stopgame.ru/game/braid_anniversary_edition;https://images.stopgame.ru/games/2020/08/07/kvOU3JB.jpg;NSW, PC, PS4, PS5, XBOXSX, XONE;arcade;2021 ã.
Feud: Wild West Tactics, The;https://stopgame.ru/game/feud_wild_west_tactics;https://images.stopgame.ru/games/2020/08/07/w6jf5Ff.jpg;PC;rpg, strategy;22 èþëÿ 2020 ã.
Fall Guys: Ultimate Knockout;https://stopgame.ru/game/fall_guys_ultimate_knockout;https://images.stopgame.ru/games/2020/08/05/ks8slX6.jpg;PC, PS4;arcade;4 àâãóñòà 2020 ã.
Ageless;https://stopgame.ru/game/ageless;https://images.stopgame.ru/games/2020/08/05/1Dub7dY.jpg;NSW, PC;arcade;28 èþëÿ 2020 ã.
Leisure Suit Larry: Wet Dreams Dry Twice;https://stopgame.ru/game/leisure_suit_larry_wet_dreams_dry_twice;https://images.stopgame.ru/games/2020/11/02/ZMci5Cga.jpg;Mac, NSW, PC, PS4, XONE;adventure;23 îêòÿáðÿ 2020 ã.
Guilty Gear: Strive;https://stopgame.ru/game/guilty_gear_strive;https://images.stopgame.ru/site/logos/empty_logo1.jpg;PC, PS4, PS5;arcade;2021 ã.
Dark Bestiary;https://stopgame.ru/game/dark_bestiary;https://images.stopgame.ru/games/2020/08/01/_utDlxD.jpg;Linux, Mac, PC;rpg, strategy;12 èþëÿ 2020 ã.
Forza Motorsport (2021);https://stopgame.ru/game/forza_motorsport_2021;https://images.stopgame.ru/games/2020/07/31/cdaIf3M.jpg;PC, XBOXSX;racing;2021 ã.
Spiritfarer;https://stopgame.ru/game/spiritfarer;https://images.stopgame.ru/games/2020/07/31/OxmhMgxJ.jpg;Mac, NSW, PC, PS4, Stadia, XONE;adventure;18 àâãóñòà 2020 ã.
Frostpoint VR: Proving Grounds;https://stopgame.ru/game/frostpoint_vr_proving_grounds;https://images.stopgame.ru/games/2020/07/30/H7vzl4_u.jpg;PC;action;1 äåêàáðÿ 2020 ã.
Maid of Sker;https://stopgame.ru/game/maid_of_sker;https://images.stopgame.ru/games/2020/07/28/i1kA-_H.jpg;NSW, PC, PS4, XONE;adventure;28 èþëÿ 2020 ã.
Lust from Beyond: Prologue;https://stopgame.ru/game/lust_from_beyond_prologue;https://images.stopgame.ru/games/2020/07/28/JM5-J7G.jpg;PC;adventure, for adults;31 îêòÿáðÿ 2019 ã.
Avowed;https://stopgame.ru/game/avowed;https://images.stopgame.ru/games/2020/07/28/7sIJ1quN.jpg;PC, XBOXSX;rpg;2022 ã.
Phantom Doctrine 2: The Cabal;https://stopgame.ru/game/phantom_doctrine_2_the_cabal;https://images.stopgame.ru/games/2020/07/27/p6TzydaMe.jpg;PC;action;2021 ã.
Balan Wonderworld;https://stopgame.ru/game/balan_wonderworld;https://images.stopgame.ru/games/2020/07/27/oHHtGKR5N.jpg;NSW, PC, PS4, PS5, XBOXSX, XONE;arcade;2021 ã.
Warhammer 40,000: Darktide;https://stopgame.ru/game/warhammer_40_000_darktide;https://images.stopgame.ru/games/2020/07/27/se3vjp9.jpg;PC, XBOXSX;action;2021 ã.
Neon Abyss;https://stopgame.ru/game/neon_abyss;https://images.stopgame.ru/games/2020/07/26/rCgvThvbd.jpg;NSW, PC, PS4, XONE;arcade;14 èþëÿ 2020 ã.
Aria Chronicle;https://stopgame.ru/game/aria_chronicle;https://images.stopgame.ru/games/2020/07/26/Tsdvwqb.jpg;PC;rpg;11 èþëÿ 2020 ã.
Fable (2021);https://stopgame.ru/game/fable_2021;https://images.stopgame.ru/games/2020/07/24/b56X-9EL.jpg;PC, XBOXSX;rpg;2021 ã.
Outer Worlds: Peril on Gorgon, The;https://stopgame.ru/game/outer_worlds_peril_on_gorgon;https://images.stopgame.ru/games/2020/07/24/LRoDWPU.jpg;NSW, PC, PS4, XBOXSX, XONE;action;9 ñåíòÿáðÿ 2020 ã.
State of Decay 3;https://stopgame.ru/game/state_of_decay_3;https://images.stopgame.ru/site/logos/empty_logo1.jpg;PC, XBOXSX;action;2022 ã.
Colt Canyon;https://stopgame.ru/game/colt_canyon;https://images.stopgame.ru/games/2020/07/23/k3jjI2PM.jpg;NSW, PC, PS4, XONE;arcade;16 èþíÿ 2020 ã.
Blockicker;https://stopgame.ru/game/blockicker;https://images.stopgame.ru/games/2020/07/23/3MYcXO9n.jpg;PC;arcade;17 èþíÿ 2020 ã.
Geometric Sniper;https://stopgame.ru/game/geometric_sniper;https://images.stopgame.ru/games/2020/07/23/NF0JpZSx.jpg;PC;action;23 èþíÿ 2020 ã.
Bad Guys at School;https://stopgame.ru/game/bad_guys_at_school;https://images.stopgame.ru/games/2020/07/23/y-C8GEk.jpg;PC;adventure, simulator;15 èþíÿ 2020 ã.
Hylics 2;https://stopgame.ru/game/hylics_2;https://images.stopgame.ru/games/2020/07/23/8csAYR0LE.jpg;Mac, PC;rpg;22 èþíÿ 2020 ã.
Battletoads (2020);https://stopgame.ru/game/battletoads_2020;https://images.stopgame.ru/games/2020/08/02/VG35hBfi.jpg;PC, XONE;arcade;20 àâãóñòà 2020 ã.
Radical Rabbit Stew;https://stopgame.ru/game/radical_rabbit_stew;https://images.stopgame.ru/games/2020/07/21/AosREeDf.jpg;NSW, PC, PS4, XONE;arcade;5 ìàðòà 2020 ã.
Lumberjack's Dynasty;https://stopgame.ru/game/lumberjack_s_dynasty;https://images.stopgame.ru/games/2020/07/21/h2EWZVRl3.jpg;PC;simulator, adventure;30 àïðåëÿ 2020 ã.
Library Of Ruina;https://stopgame.ru/game/library_of_ruina;https://images.stopgame.ru/games/2020/07/21/hwivTFv.jpg;PC;strategy;15 ìàÿ 2020 ã.
PathOfWuxia;https://stopgame.ru/game/pathofwuxia;https://images.stopgame.ru/games/2020/07/21/6EW5nUZLZ.jpg;PC;rpg;30 àïðåëÿ 2020 ã.
Tank Mechanic Simulator;https://stopgame.ru/game/tank_mechanic_simulator;https://images.stopgame.ru/games/2020/07/21/o-enMKzrB.jpg;NSW, PC;simulator;20 ôåâðàëÿ 2020 ã.
Rainy Neon: Baku;https://stopgame.ru/game/rainy_neon_baku;https://images.stopgame.ru/games/2020/07/21/sYt-LVvgT.jpg;PC;action;2021 ã.
Little Town Hero;https://stopgame.ru/game/little_town_hero;https://images.stopgame.ru/games/2020/07/19/nU8U_o_.jpg;NSW, PC, PS4, XONE;rpg;16 îêòÿáðÿ 2019 ã.
eFootball PES 2021 Season Update;https://stopgame.ru/game/efootball_pes_2021_season_update;https://images.stopgame.ru/games/2020/07/19/eqSho9T.jpg;PC, PS4, XONE;sport;15 ñåíòÿáðÿ 2020 ã.
Story of Seasons: Friends of Mineral Town;https://stopgame.ru/game/story_of_seasons_friends_of_mineral_town;https://images.stopgame.ru/games/2020/07/18/gqogsM9hp.jpg;NSW, PC;strategy, simulator;17 îêòÿáðÿ 2019 ã.
Outward: The Soroboreans;https://stopgame.ru/game/outward_the_soroboreans;https://images.stopgame.ru/games/2020/07/18/g6wDewt.jpg;PC, PS4, XONE;rpg;16 èþíÿ 2020 ã.
#Funtime;https://stopgame.ru/game/funtime;https://images.stopgame.ru/games/2020/07/13/KJ1tQnjq.jpg;Linux, Mac, PC;arcade;16 èþëÿ 2020 ã.
Superhot: Mind Control Delete;https://stopgame.ru/game/superhot_mind_control_delete;https://images.stopgame.ru/games/2020/07/12/d3rn5jb_v.jpg;Mac, NSW, PC, PS4, Stadia, XONE;action;16 èþëÿ 2020 ã.
Far Cry 6;https://stopgame.ru/game/far_cry_6;https://images.stopgame.ru/games/2020/07/11/Jg9ummJF.jpg;PC, PS4, PS5, Stadia, XBOXSX, XONE;action;2021 ã.
Test Drive Unlimited: Solar Crown;https://stopgame.ru/game/test_drive_unlimited_solar_crown;https://images.stopgame.ru/games/2020/07/09/3zT9Wod.jpg;PC, PS5, XBOXSX;racing;2021 ã.
Steelrising;https://stopgame.ru/game/steelrising;https://images.stopgame.ru/games/2020/07/27/Al9zwcQPr.jpg;PC, PS5, XBOXSX;íåò äàííûõ;2021 ã.
Kingdoms of Amalur: Re-Reckoning;https://stopgame.ru/game/kingdoms_of_amalur_re_reckoning;https://images.stopgame.ru/games/2020/07/08/_4YUJ8d.jpg;PC, PS4, XONE;rpg;8 ñåíòÿáðÿ 2020 ã.
Shadow Warrior 3;https://stopgame.ru/game/shadow_warrior_3;https://images.stopgame.ru/games/2020/07/07/l9hwRO_A.jpg;PC;action;2021 ã.
Hyper Scape;https://stopgame.ru/game/hyper_scape;https://images.stopgame.ru/games/2020/07/06/EISLoilXM.jpg;PC, PS4, XONE;action;11 àâãóñòà 2020 ã.
Where the Heart Is;https://stopgame.ru/game/where_the_heart_is;https://images.stopgame.ru/games/2020/07/06/MeF_2Rso.jpg;PS4;adventure;2020 ã.
Worms Rumble;https://stopgame.ru/game/worms_rumble;https://images.stopgame.ru/games/2020/07/02/JE7Y0Khp.jpg;PC, PS4, PS5;arcade;1 äåêàáðÿ 2020 ã.
Secret Government;https://stopgame.ru/game/secret_government;https://images.stopgame.ru/games/2020/07/02/9HS4Bf4e.jpg;Mac, PC;strategy;2020 ã.
Tannenberg;https://stopgame.ru/game/tannenberg;https://images.stopgame.ru/games/2020/07/02/M9A1IRnD.jpg;Mac, PC, PS4, XONE;action;13 ôåâðàëÿ 2019 ã.
Fuser;https://stopgame.ru/game/fuser;https://images.stopgame.ru/games/2020/07/01/EnjVp2jE.jpg;NSW, PC, PS4, XONE;simulator;10 íîÿáðÿ 2020 ã.
Ninjala;https://stopgame.ru/game/ninjala;https://images.stopgame.ru/games/2020/06/29/GF8bcuBxD.jpg;NSW;action;24 èþíÿ 2020 ã.
Dying Light: Hellraid;https://stopgame.ru/game/dying_light_hellraid;https://images.stopgame.ru/games/2020/06/29/W8Sf0sh.jpg;PC, PS4, XONE;action;13 àâãóñòà 2020 ã.
Strategic Mind: Spectre of Communism;https://stopgame.ru/game/strategic_mind_spectre_of_communism;https://images.stopgame.ru/games/2020/11/20/blnyevtTY.jpg;PC;strategy;13 íîÿáðÿ 2020 ã.
Bloodstained: Curse of the Moon 2;https://stopgame.ru/game/bloodstained_curse_of_the_moon_2;https://images.stopgame.ru/games/2020/06/26/uZMvdfv3.jpg;NSW, PC, PS4, XONE;arcade;9 èþëÿ 2020 ã.
Stranger Things 3: The Game;https://stopgame.ru/game/stranger_things_3_the_game;https://images.stopgame.ru/games/2020/06/26/cVVLXi8XD.jpg;Mac, NSW, PC, PS4, XONE;arcade;4 èþëÿ 2019 ã.
Atom RPG: Trudograd;https://stopgame.ru/game/atom_rpg_trudograd;https://images.stopgame.ru/games/2020/06/25/S3NGRT6.jpg;Mac, PC;rpg;2020 ã.
Summer in Mara;https://stopgame.ru/game/summer_in_mara;https://images.stopgame.ru/games/2020/06/25/Ncg9tp4A.jpg;NSW, PC, PS4;adventure;16 èþíÿ 2020 ã.
Rogue Legacy 2;https://stopgame.ru/game/rogue_legacy_2;https://images.stopgame.ru/games/2020/06/25/f1UNfVm.jpg;PC;arcade;2020 ã.
Lone Echo 2;https://stopgame.ru/game/lone_echo_2;https://images.stopgame.ru/games/2020/06/24/yoW_vXW.jpg;PC;adventure;2021 ã.
Sniper: Ghost Warrior Contracts 2;https://stopgame.ru/game/sniper_ghost_warrior_contracts_2;https://images.stopgame.ru/games/2020/06/23/-5mWlTh.jpg;PC, PS4, XONE;action;2021 ã.
Bugsnax;https://stopgame.ru/game/bugsnax;https://images.stopgame.ru/games/2020/06/22/x-pZnrX.jpg;Mac, PC, PS4, PS5;adventure;12 íîÿáðÿ 2020 ã.
Crash Bandicoot 4: It's About Time;https://stopgame.ru/game/crash_bandicoot_4_it_s_about_time;https://images.stopgame.ru/games/2020/06/22/Cx31Lgp7d.jpg;PS4, XBOXSX, XONE;arcade;2 îêòÿáðÿ 2020 ã.
FIFA 21;https://stopgame.ru/game/fifa_21;https://images.stopgame.ru/games/2020/06/21/w_WxtZBiD.jpg;NSW, PC, PS4, PS5, Stadia, XBOXSX, XONE;sport;9 îêòÿáðÿ 2020 ã.
1971 Project Helios;https://stopgame.ru/game/1971_project_helios;https://images.stopgame.ru/games/2020/06/21/e_pjtJ9X8.jpg;NSW, PC, PS4, XONE;strategy;9 èþíÿ 2020 ã.
Zatorski, Ph.D.;https://stopgame.ru/game/zatorski_ph_d;https://images.stopgame.ru/games/2020/06/21/n-8hCjY.jpg;PC;adventure, rpg;31 ìàðòà 2020 ã.
ShellShock Live;https://stopgame.ru/game/shellshock_live;https://images.stopgame.ru/games/2020/06/21/XH8CR4pwR.jpg;Mac, PC;strategy;22 ìàÿ 2020 ã.
486;https://stopgame.ru/game/486;https://images.stopgame.ru/games/2020/06/21/7PSZ4LO.jpg;PC;action, rpg;1 èþíÿ 2020 ã.
Helltaker;https://stopgame.ru/game/helltaker;https://images.stopgame.ru/games/2020/06/21/StrctC8.jpg;Linux, Mac, PC;adventure;11 ìàÿ 2020 ã.
Light Remake, The;https://stopgame.ru/game/light_remake;https://images.stopgame.ru/games/2020/06/21/t_cQocUYO.jpg;PC;adventure;4 èþíÿ 2020 ã.
Demon's Souls (2020);https://stopgame.ru/game/demon_s_souls_2021;https://images.stopgame.ru/games/2020/06/20/p3aDMGV.jpg;PS5;rpg;12 íîÿáðÿ 2020 ã.
Lost in Random;https://stopgame.ru/game/lost_in_random;https://images.stopgame.ru/games/2020/06/20/ppdfUbcxg.jpg;NSW, PC, PS4, XONE;action;2021 ã.
It Takes Two;https://stopgame.ru/game/it_takes_two;https://images.stopgame.ru/games/2020/06/20/hwPQ-6UCj.jpg;, PC, PS4, PS5, XONE;arcade;2021 ã.
Rocket Arena;https://stopgame.ru/game/rocket_arena;https://images.stopgame.ru/games/2020/06/20/N9Huk7kte.jpg;PC, PS4, XONE;action;14 èþëÿ 2020 ã.
Beyond Blue;https://stopgame.ru/game/beyond_blue;https://images.stopgame.ru/games/2020/06/19/Zw6PvjeD.jpg;iOS, Mac, PC, PS4, XONE;adventure, simulator;17 àïðåëÿ 2020 ã.
UEDI: Shadow of the Citadel;https://stopgame.ru/game/uedi_shadow_of_the_citadel;https://images.stopgame.ru/games/2020/06/18/NNlXoTsAZ.jpg;PC;action, rpg;2021 ã.
Werewolf: The Apocalypse - Heart of the Forest;https://stopgame.ru/game/werewolf_the_apocalypse_heart_of_the_forest;https://images.stopgame.ru/games/2020/06/16/LJkqf8s.jpg;Mac, NSW, PC;rpg;13 îêòÿáðÿ 2020 ã.
Destruction AllStars;https://stopgame.ru/game/destruction_allstars;https://images.stopgame.ru/games/2020/06/16/cG0oJC-.jpg;PS5;action;2021 ã.
Project Athia;https://stopgame.ru/game/project_athia;https://images.stopgame.ru/games/2020/06/16/k3iOki8.jpg;PC, PS5;action;2022 ã.
Kena: Bridge of Spirits;https://stopgame.ru/game/kena_bridge_of_spirits;https://images.stopgame.ru/games/2020/06/16/SRZn1RMV.jpg;PC, PS4, PS5;action;2021 ã.
Ranch Simulator;https://stopgame.ru/game/ranch_simulator;https://images.stopgame.ru/games/2020/06/16/mv4i3Qo.jpg;PC;simulator;2021 ã.
Evan's Remains;https://stopgame.ru/game/evan_s_remains;https://images.stopgame.ru/games/2020/06/16/eHdAc9j.jpg;NSW, PC, PS4, XONE;arcade;11 èþíÿ 2020 ã.
Icarus;https://stopgame.ru/game/icarus_2020;https://images.stopgame.ru/games/2020/06/15/PNm-Alf.jpg;PC;action;2021 ã.
Star Wars: Squadrons;https://stopgame.ru/game/star_wars_squadrons;https://images.stopgame.ru/games/2020/06/15/6iN-FuS.jpg;PC, PS4, XONE;action;2 îêòÿáðÿ 2020 ã.
Project Starship X;https://stopgame.ru/game/project_starship_x;https://images.stopgame.ru/games/2020/06/14/ZTd1cpDIM.jpg;Linux, Mac, PC;arcade;17 èþíÿ 2020 ã.
Void's Calling;https://stopgame.ru/game/void_s_calling;https://images.stopgame.ru/games/2020/06/14/1Al1Fslb.jpg;Linux, PC;rpg, for adults;29 ìàÿ 2020 ã.
Heavenworld;https://stopgame.ru/game/heavenworld;https://images.stopgame.ru/games/2020/06/14/I82PvjU.jpg;PC;action;14 àïðåëÿ 2020 ã.
Dustborn;https://stopgame.ru/game/dustborn;https://images.stopgame.ru/games/2020/06/14/Fq8povmf.jpg;Mac, PC, PS5, XBOXSX;adventure;2021 ã.
XIII (2020);https://stopgame.ru/game/xiii_2020;https://images.stopgame.ru/games/2020/06/14/6SiEJSx2.jpg;NSW, PC, PS4, XONE;action;10 íîÿáðÿ 2020 ã.
Spellbreak;https://stopgame.ru/game/spellbreak;https://images.stopgame.ru/games/2020/06/14/4arrZnE.jpg;NSW, PC, PS4, XONE;action;3 ñåíòÿáðÿ 2020 ã.
Edge of Dreams;https://stopgame.ru/game/edge_of_dreams;https://images.stopgame.ru/games/2020/06/14/Fxv6yah.jpg;PC;action, adventure;8 èþíÿ 2020 ã.
Ratchet & Clank: Rift Apart;https://stopgame.ru/game/ratchet_clank_rift_apart;https://images.stopgame.ru/games/2020/06/14/IZtlYY1.jpg;PS5;action;2021 ã.
Returnal;https://stopgame.ru/game/returnal;https://images.stopgame.ru/games/2020/06/14/howSdhk5.jpg;PS5;action;2021 ã.
Resident Evil: Village;https://stopgame.ru/game/resident_evil_village;https://images.stopgame.ru/games/2020/06/14/9TPoHUb.jpg;PC, PS5, XBOXSX;action;2021 ã.
Horizon: Forbidden West;https://stopgame.ru/game/horizon_forbidden_west;https://images.stopgame.ru/games/2020/06/14/iSklIyE1b.jpg;PS4, PS5;rpg;2021 ã.
Sackboy: A Big Adventure;https://stopgame.ru/game/sackboy_a_big_adventure;https://images.stopgame.ru/games/2020/06/14/V-CJk8o.jpg;PS4, PS5;arcade;12 íîÿáðÿ 2020 ã.
Pragmata;https://stopgame.ru/game/pragmata;https://images.stopgame.ru/games/2020/06/12/agySQ4SBE.jpg;PC, PS5, XBOXSX;action;2022 ã.
Hitman 3;https://stopgame.ru/game/hitman_3;https://images.stopgame.ru/games/2020/06/12/1GL8Fe6.jpg;NSW, PC, PS4, PS5, Stadia, XBOXSX, XONE;action;20 ÿíâàðÿ 2021 ã.
Metal: Hellsinger;https://stopgame.ru/game/metal_hellsinger;https://images.stopgame.ru/games/2020/06/12/jbpbL7-.jpg;PC, PS4, PS5, XBOXSX, XONE;action;2021 ã.
Spider-Man: Miles Morales;https://stopgame.ru/game/spider_man_miles_morales;https://images.stopgame.ru/games/2020/06/12/ujw3yHC.jpg;PS4, PS5;action;12 íîÿáðÿ 2020 ã.
Voidtrain;https://stopgame.ru/game/voidtrain;https://images.stopgame.ru/games/2020/06/12/_pGePiR.jpg;PC;action, adventure;2022 ã.
Borderlands Legendary Collection;https://stopgame.ru/game/borderlands_legendary_collection;https://images.stopgame.ru/games/2020/06/11/3NmXNj6b-.jpg;NSW;action;29 ìàÿ 2020 ã.
Medic: Pacific Corpsman;https://stopgame.ru/game/medic_pacific_corpsman;https://images.stopgame.ru/games/2020/06/11/y0heuKToM.jpg;PC;simulator, action;2021 ã.
Nemesis: Distress;https://stopgame.ru/game/nemesis_distress;https://images.stopgame.ru/games/2020/06/11/vy3HVP5bA.jpg;PC;action;2021 ã.
Monster Train;https://stopgame.ru/game/monster_train;https://images.stopgame.ru/games/2020/06/09/2gTSGfba.jpg;PC;strategy;21 ìàÿ 2020 ã.
Project CARS 3;https://stopgame.ru/game/project_cars_3;https://images.stopgame.ru/games/2020/06/04/eNUQl1ihS.jpg;PC, PS4, XONE;racing;28 àâãóñòà 2020 ã.
We Were Here Together;https://stopgame.ru/game/we_were_here_together;https://images.stopgame.ru/games/2020/06/04/GIorSjD7.jpg;Mac, PC, XONE;logic;10 îêòÿáðÿ 2019 ã.
Signs of the Sojourner;https://stopgame.ru/game/signs_of_the_sojourner;https://images.stopgame.ru/games/2020/06/04/ulNFI6Pvy.jpg;Mac, NSW, PC;rpg;14 ìàÿ 2020 ã.
Elite Dangerous: Odyssey;https://stopgame.ru/game/elite_dangerous_odyssey;https://images.stopgame.ru/games/2020/06/04/AcYwo9as7.jpg;Mac, PC, PS4, XONE;action;2021 ã.
Frostpunk: On the Edge;https://stopgame.ru/game/frostpunk_on_the_edge;https://images.stopgame.ru/games/2020/06/04/cVETYcE.jpg;PC, PS4, XONE;action;20 àâãóñòà 2020 ã.
House on the Hill;https://stopgame.ru/game/house_on_the_hill;https://images.stopgame.ru/games/2020/06/03/hOkxf3d.jpg;PC;adventure;10 íîÿáðÿ 2020 ã.
Shantae and the Seven Sirens;https://stopgame.ru/game/shantae_and_the_seven_sirens;https://images.stopgame.ru/games/2020/06/03/P10w7EBHf.jpg;iOS, Mac, NSW, PC, PS4, XONE;arcade;19 ñåíòÿáðÿ 2019 ã.
Neversong;https://stopgame.ru/game/neversong;https://images.stopgame.ru/games/2020/06/03/PfXv7XXSa.jpg;iOS, NSW, PC, PS4, XONE;arcade;1 ìàÿ 2020 ã.
Anno: History Collection;https://stopgame.ru/game/anno_history_collection;https://images.stopgame.ru/games/2020/06/01/digCIW4.jpg;PC;strategy;25 èþíÿ 2020 ã.
Wildfire;https://stopgame.ru/game/wildfire_2020;https://images.stopgame.ru/games/2020/06/01/HiZrwKj.jpg;PC;arcade;26 ìàÿ 2020 ã.
Wonderful 101: Remastered, The;https://stopgame.ru/game/wonderful_101_remastered;https://images.stopgame.ru/games/2020/05/31/-bMtkHm.jpg;NSW, PC, PS4;arcade;19 ìàÿ 2020 ã.
Warface: Breakout;https://stopgame.ru/game/warface_breakout;https://images.stopgame.ru/games/2020/05/31/btg0nAa.jpg;PS4, XONE;action;26 ìàÿ 2020 ã.
Industria;https://stopgame.ru/game/industria;https://images.stopgame.ru/games/2020/05/29/vv84K4V.jpg;PC;action;2021 ã.
VirtuaVerse;https://stopgame.ru/game/virtuaverse;https://images.stopgame.ru/games/2020/05/28/lgFjAhejw.jpg;Mac, PC;adventure;12 ìàÿ 2020 ã.
Timelie;https://stopgame.ru/game/timelie;https://images.stopgame.ru/games/2020/05/28/scv9gpd.jpg;PC;logic;21 ìàÿ 2020 ã.
Dead by Daylight: Silent Hill Chapter;https://stopgame.ru/game/dead_by_daylight_silent_hill_chapter;https://images.stopgame.ru/games/2020/05/28/7PXsiNL.jpg;NSW, PC, PS4, XONE;action;16 èþíÿ 2020 ã.
Conception PLUS: Maidens of the Twelve Stars;https://stopgame.ru/game/conception_plus_maidens_of_the_twelve_stars;https://images.stopgame.ru/games/2020/05/27/8ME4pHDh.jpg;PC, PS4;rpg;5 íîÿáðÿ 2019 ã.
Drug Dealer Simulator;https://stopgame.ru/game/drug_dealer_simulator;https://images.stopgame.ru/games/2020/05/27/RVZ176E.jpg;PC;simulator, adventure;16 àïðåëÿ 2020 ã.
Endzone: A World Apart;https://stopgame.ru/game/endzone_a_world_apart;https://images.stopgame.ru/games/2020/05/27/POdZg5W7.jpg;PC;strategy;2020 ã.
Granblue Fantasy: Versus;https://stopgame.ru/game/granblue_fantasy_versus;https://images.stopgame.ru/games/2020/05/27/YvKAP0wV.jpg;PC, PS4;arcade;6 ôåâðàëÿ 2020 ã.
Langrisser I & II;https://stopgame.ru/game/langrisser_i_ii;https://images.stopgame.ru/games/2020/05/27/__JO9FpJa.jpg;NSW, PC, PS4;rpg;18 àïðåëÿ 2019 ã.
Skul: The Hero Slayer;https://stopgame.ru/game/skul_the_hero_slayer;https://images.stopgame.ru/games/2020/05/27/IX1EqunVy.jpg;Linux, Mac, PC;arcade;18 ôåâðàëÿ 2020 ã.
Mafia III: Definitive Edition;https://stopgame.ru/game/mafia_iii_definitive_edition;https://images.stopgame.ru/games/2020/05/27/5tC6HTu3.jpg;Mac, PC, PS4, XONE;action;19 ìàÿ 2020 ã.
Celestian Tales: Realms Beyond;https://stopgame.ru/game/celestian_tales_realms_beyond;https://images.stopgame.ru/games/2020/05/26/U_-072IuO.jpg;PC;rpg;7 ìàÿ 2020 ã.
Space Haven;https://stopgame.ru/game/space_haven;https://images.stopgame.ru/games/2020/05/26/tbokQgtYr.jpg;Mac, PC;strategy;2020 ã.
Sid Meier's Civilization VI: Maya & Gran Colombia Pack;https://stopgame.ru/game/sid_meier_s_civilization_vi_maya_gran_colombia_pack;https://images.stopgame.ru/games/2020/05/25/CRQ_trM.jpg;iOS, Mac, NSW, PC, PS4, XONE;strategy;21 ìàÿ 2020 ã.
Paradise Lost;https://stopgame.ru/game/paradise_lost;https://images.stopgame.ru/games/2020/05/24/5VUOccWDr.jpg;PC, PS5, XBOXSX;adventure;2021 ã.
Jay and Silent Bob: Mall Brawl;https://stopgame.ru/game/jay_and_silent_bob_mall_brawl;https://images.stopgame.ru/games/2020/05/24/wBAHFt9.jpg;NSW, PC;arcade;7 ìàÿ 2020 ã.
Heaven Dust;https://stopgame.ru/game/heaven_dust;https://images.stopgame.ru/games/2020/05/24/QHK56gq.jpg;PC;action, adventure;26 ôåâðàëÿ 2020 ã.
112 Operator;https://stopgame.ru/game/112_operator;https://images.stopgame.ru/games/2020/05/24/6q55WwcgD.jpg;Mac, PC;simulator, strategy;23 àïðåëÿ 2020 ã.
Receiver 2;https://stopgame.ru/game/receiver_2;https://images.stopgame.ru/games/2020/05/24/rjSPuJS1M.jpg;Mac, PC;action;14 àïðåëÿ 2020 ã.
Sherlock Holmes: Chapter One;https://stopgame.ru/game/sherlock_holmes_chapter_one;https://images.stopgame.ru/games/2020/05/25/BV8shzS.jpg;PC, PS4, PS5, XBOXSX, XONE;adventure;2021 ã.
Just Die Already;https://stopgame.ru/game/just_die_already;https://images.stopgame.ru/games/2020/05/22/4axO-xa4A.jpg;PC;adventure, simulator;2021 ã.
Skully;https://stopgame.ru/game/skully;https://images.stopgame.ru/games/2020/05/20/iVNbLu4RR.jpg;NSW, PC, PS4, XONE;arcade;3 àâãóñòà 2020 ã.
Blightbound;https://stopgame.ru/game/blightbound;https://images.stopgame.ru/games/2020/05/18/aFscxEf.jpg;PC;rpg;2020 ã.
Nioh 2: The Tengu's Disciple;https://stopgame.ru/game/nioh_2_the_tengu_s_disciple;https://images.stopgame.ru/games/2020/05/18/HuqiHmJ.jpg;PS4;rpg;30 èþëÿ 2020 ã.
CHANGE: A Homeless Survival Experience;https://stopgame.ru/game/change_a_homeless_survival_experience;https://images.stopgame.ru/games/2020/05/17/zrKRbpd.jpg;Linux, Mac, PC;rpg;1 ìàÿ 2020 ã.
Wintermoor Tactics Club;https://stopgame.ru/game/wintermoor_tactics_club;https://images.stopgame.ru/games/2020/05/17/8lMaf3vw9.jpg;NSW, PC, PS4, XONE;strategy;5 ìàÿ 2020 ã.
Hatsune Miku: Project DIVA Mega Mix;https://stopgame.ru/game/hatsune_miku_project_diva_mega_mix;https://images.stopgame.ru/games/2020/05/17/ZdqtH1V7.jpg;NSW;arcade;13 ôåâðàëÿ 2020 ã.
Paper Mario: The Origami King;https://stopgame.ru/game/paper_mario_the_origami_king;https://images.stopgame.ru/games/2020/05/17/S6jp7vW.jpg;NSW;arcade;17 èþëÿ 2020 ã.
Knock Harder;https://stopgame.ru/game/knock_harder;https://images.stopgame.ru/games/2020/05/16/lhNtfOpfA.jpg;PC;adventure;27 àïðåëÿ 2020 ã.
Infinite Beyond The Mind;https://stopgame.ru/game/infinite_beyond_the_mind;https://images.stopgame.ru/games/2020/05/16/JYKrqkiQo.jpg;NSW, PC, PS4, XONE;arcade;7 ìàÿ 2020 ã.
Mafia: Trilogy;https://stopgame.ru/game/mafia_trilogy;https://images.stopgame.ru/games/2020/05/15/Z36njyve.jpg;PC, PS4, XONE;action;19 ìàÿ 2020 ã.
Mafia 2: Definitive Edition;https://stopgame.ru/game/mafia_2_definitive_edition;https://images.stopgame.ru/games/2020/05/15/ewCwHig.jpg;PC, PS4, XONE;action;19 ìàÿ 2020 ã.
Mafia: Definitive Edition;https://stopgame.ru/game/mafia_definitive_edition;https://images.stopgame.ru/games/2020/09/16/1ZNRJGmB.jpg;PC, PS4, XONE;action;25 ñåíòÿáðÿ 2020 ã.
Tony Hawk's Pro Skater 1 + 2;https://stopgame.ru/game/tony_hawk_s_pro_skater_1_2;https://images.stopgame.ru/games/2020/05/13/rBPPcYe_.jpg;PC, PS4, XONE;arcade, sport;4 ñåíòÿáðÿ 2020 ã.
Dread Nautical;https://stopgame.ru/game/dread_nautical;https://images.stopgame.ru/games/2020/05/12/EDiD8efc5.jpg;NSW, PC, PS4, XONE;rpg;29 àïðåëÿ 2020 ã.
Scarlet Nexus;https://stopgame.ru/game/scarlet_nexus;https://images.stopgame.ru/games/2020/05/12/aZtbfQV.jpg;PC, PS4, PS5, XBOXSX, XONE;rpg;2021 ã.
Obey Me;https://stopgame.ru/game/obey_me;https://images.stopgame.ru/games/2020/05/12/X-s3rvN.jpg;PC;arcade, action;20 àïðåëÿ 2020 ã.
Flower Collectors, The;https://stopgame.ru/game/flower_collectors;https://images.stopgame.ru/games/2020/05/11/ydCOZWw-z.jpg;PC;adventure;21 àïðåëÿ 2020 ã.
Total War: Elysium;https://stopgame.ru/game/total_war_elysium;https://images.stopgame.ru/games/2020/05/10/5gR1jsY.jpg;Android, iOS, PC;cards;2021 ã.
Medium, The;https://stopgame.ru/game/medium;https://images.stopgame.ru/games/2020/05/10/LYy-Uqaz.jpg;, PC;adventure;2021 ã.
Dirt 5;https://stopgame.ru/game/dirt_5;https://images.stopgame.ru/games/2020/05/10/4jZGP4F5.jpg;, PC, PS4, PS5, Stadia, XONE;racing, simulator;5 íîÿáðÿ 2020 ã.
Call of the Sea;https://stopgame.ru/game/call_of_the_sea;https://images.stopgame.ru/games/2020/05/10/3kODd1Dh.jpg;PC, XBOXSX, XONE;adventure;8 äåêàáðÿ 2020 ã.
Second Extinction;https://stopgame.ru/game/second_extinction;https://images.stopgame.ru/games/2020/05/10/6TbguFlLW.jpg;PC, XBOXSX, XONE;action;2020 ã.
Ascent, The;https://stopgame.ru/game/ascent;https://images.stopgame.ru/games/2020/05/10/GDqenGPqg.jpg;, PC, XONE;rpg;2021 ã.
Chorus;https://stopgame.ru/game/chorus;https://images.stopgame.ru/games/2020/05/10/XOyfGf02L.jpg;PC, PS4, PS5, Stadia, XBOXSX, XONE;action;2021 ã.
Mortal Kombat 11: Aftermath;https://stopgame.ru/game/mortal_kombat_11_aftermath;https://images.stopgame.ru/games/2020/05/07/7NUCBKkOY.jpg;NSW, PC, PS4, Stadia, XONE;arcade, fighting;26 ìàÿ 2020 ã.
Crucible;https://stopgame.ru/game/crucible;https://images.stopgame.ru/games/2020/05/06/-Qdm3PfL.jpg;PC;action;2020 ã.
Trials of Mana;https://stopgame.ru/game/trials_of_mana;https://images.stopgame.ru/games/2020/05/05/z9YNXKnJ.jpg;NSW, PC, PS4;rpg;24 àïðåëÿ 2020 ã.
Lord of the Rings: Gollum, The;https://stopgame.ru/game/lord_of_the_rings_gollum;https://images.stopgame.ru/games/2020/05/05/D45pFcx.jpg;PC, PS4, PS5, XBOXSX, XONE;action;2021 ã.
BE-A Walker;https://stopgame.ru/game/be_a_walker;https://images.stopgame.ru/games/2020/05/04/Ep-RTTTfb.jpg;Linux, Mac, PC;arcade, action;7 ìàÿ 2020 ã.
BPM: BULLETS PER MINUTE;https://stopgame.ru/game/bpm_bullets_per_minute;https://images.stopgame.ru/games/2020/05/03/sP4f_SKb.jpg;PC, PS4, XONE;action;15 ñåíòÿáðÿ 2020 ã.
HUNTDOWN;https://stopgame.ru/game/huntdown;https://images.stopgame.ru/games/2020/05/03/aDAQiNl.jpg;Mac, NSW, PC, PS4, XONE;arcade;12 ìàÿ 2020 ã.
Vampire: The Masquerade - Swansong;https://stopgame.ru/game/vampire_the_masquerade_swansong;https://images.stopgame.ru/games/2020/05/03/EuQlsSrc.jpg;NSW, PC, PS4, PS5, XBOXSX, XONE;rpg;2021 ã.
Kill It With Fire;https://stopgame.ru/game/kill_it_with_fire;https://images.stopgame.ru/games/2020/04/30/UPuIlAOGC.jpg;PC;arcade;13 àâãóñòà 2020 ã.
Assassin's Creed: Valhalla;https://stopgame.ru/game/assassin_s_creed_valhalla;https://images.stopgame.ru/games/2020/04/30/GV9v-n59.jpg;PC, PS4, PS5, Stadia, XBOXSX, XONE;action;10 íîÿáðÿ 2020 ã.
Pirates Outlaws;https://stopgame.ru/game/pirates_outlaws;https://images.stopgame.ru/games/2020/04/29/5LLF-0r.jpg;Android, iOS, PC;cards;5 ìàðòà 2019 ã.
WWE 2K Battlegrounds;https://stopgame.ru/game/wwe_2k_battlegrounds;https://images.stopgame.ru/games/2020/04/28/E2BGNgeKI.jpg;NSW, PC, PS4, Stadia, XONE;arcade, fighting;18 ñåíòÿáðÿ 2020 ã.
Paradise Killer;https://stopgame.ru/game/paradise_killer;https://images.stopgame.ru/games/2020/04/27/gwvJyuLJ.jpg;NSW, PC;adventure;4 ñåíòÿáðÿ 2020 ã.
Sakura Wars;https://stopgame.ru/game/sakura_wars;https://images.stopgame.ru/games/2020/04/27/azXKNI-s.jpg;PS4;action;12 äåêàáðÿ 2019 ã.
STRIDE;https://stopgame.ru/game/stride;https://images.stopgame.ru/games/2020/04/26/Wr7mOHm.jpg;PC;adventure;2020 ã.
Peaky Blinders: Mastermind;https://stopgame.ru/game/peaky_blinders_mastermind;https://images.stopgame.ru/games/2020/04/24/BQA0Rkv1.jpg;NSW, PC, PS4, XONE;logic;19 àâãóñòà 2020 ã.
ITTA;https://stopgame.ru/game/itta;https://images.stopgame.ru/games/2020/04/23/E02PBt6PU.jpg;NSW, PC;arcade, action;22 àïðåëÿ 2020 ã.
Dieselpunk Wars Prologue;https://stopgame.ru/game/dieselpunk_wars_prologue;https://images.stopgame.ru/games/2020/04/23/OJi35SqIc.jpg;PC;action;20 àïðåëÿ 2020 ã.
Trackmania (2020);https://stopgame.ru/game/trackmania_2020;https://images.stopgame.ru/games/2020/04/23/OFsr0OF.jpg;PC;arcade;1 èþëÿ 2020 ã.
Procession to Calvary, The;https://stopgame.ru/game/procession_to_calvary;https://images.stopgame.ru/games/2020/04/21/5fqArBtP.jpg;Mac, PC, PS4;adventure;9 àïðåëÿ 2020 ã.
Danko and the mystery of the jungle;https://stopgame.ru/game/danko_and_the_mystery_of_the_jungle;https://images.stopgame.ru/games/2020/04/21/0UYTqNrYF.jpg;PC;arcade;18 ìàðòà 2020 ã.
Good Company;https://stopgame.ru/game/good_company;https://images.stopgame.ru/games/2020/04/21/_HtdETQI1.jpg;PC;strategy;2020 ã.
Shadow Gangs;https://stopgame.ru/game/shadow_gangs;https://images.stopgame.ru/games/2020/04/21/Hufh8Cc.jpg;PC;arcade;10 àïðåëÿ 2020 ã.
Mask of Mists;https://stopgame.ru/game/mask_of_mists;https://images.stopgame.ru/games/2020/04/21/AOrN2rEO.jpg;PC;adventure;9 àïðåëÿ 2020 ã.
Starcom: Nexus;https://stopgame.ru/game/starcom_nexus;https://images.stopgame.ru/games/2020/04/20/396C-Ci.jpg;Linux, PC;rpg;12 äåêàáðÿ 2019 ã.
State of Decay 2: Juggernaut Edition;https://stopgame.ru/game/state_of_decay_2_juggernaut_edition;https://images.stopgame.ru/games/2020/04/20/TvSYu6vr.jpg;PC, XONE;action;13 ìàðòà 2020 ã.
Taur;https://stopgame.ru/game/taur;https://images.stopgame.ru/games/2020/04/20/2qqICh-V.jpg;PC;strategy;20 ôåâðàëÿ 2020 ã.
My Hero One's Justice 2;https://stopgame.ru/game/my_hero_one_s_justice_2;https://images.stopgame.ru/games/2020/04/20/8Y7M0O1.jpg;NSW, PC, PS4, XONE;arcade;12 ìàðòà 2020 ã.
Fold Apart, A;https://stopgame.ru/game/fold_apart_a;https://images.stopgame.ru/games/2020/04/19/Uc6sSACJ.jpg;NSW, PC, PS4, XONE;arcade, adventure;16 àïðåëÿ 2020 ã.
Gordian Quest;https://stopgame.ru/game/gordian_quest;https://images.stopgame.ru/games/2020/04/19/qLMpi62.jpg;PC;strategy, rpg;27 ìàðòà 2020 ã.
Age of Wonders: Planetfall - Invasions;https://stopgame.ru/game/age_of_wonders_planetfall_invasions;https://images.stopgame.ru/games/2020/04/19/quuEYbDge.jpg;Mac, PC, PS4, XONE;strategy;26 ìàÿ 2020 ã.
Ancient Enemy;https://stopgame.ru/game/ancient_enemy;https://images.stopgame.ru/games/2020/04/18/Oatg1o4z2.jpg;PC;strategy, cards;9 àïðåëÿ 2020 ã.
Observer: System Redux;https://stopgame.ru/game/observer_system_redux;https://images.stopgame.ru/games/2020/04/17/DpcVM6w.jpg;PC, PS5, XBOXSX;adventure;10 íîÿáðÿ 2020 ã.
Crysis Remastered;https://stopgame.ru/game/crysis_remastered;https://images.stopgame.ru/games/2020/04/17/eM9zESg.jpg;NSW, PC, PS4, XONE;action;23 èþëÿ 2020 ã.
Old World;https://stopgame.ru/game/old_world;https://images.stopgame.ru/games/2020/04/16/2E3ky393.jpg;Mac, PC;strategy;2020 ã.
XCOM: Chimera Squad;https://stopgame.ru/game/xcom_chimera_squad;https://images.stopgame.ru/games/2020/04/15/cNsYkq8_O.jpg;PC;strategy;24 àïðåëÿ 2020 ã.
Company of Crime;https://stopgame.ru/game/company_of_crime;https://images.stopgame.ru/games/2020/04/13/iIN66ldI.jpg;Mac, PC;strategy;8 àâãóñòà 2020 ã.
Annie: Last Hope;https://stopgame.ru/game/annie_last_hope;https://images.stopgame.ru/games/2020/04/12/IFIJO4lon.jpg;PC;action;6 àïðåëÿ 2020 ã.
XCOM 2 Collection;https://stopgame.ru/game/xcom_2_collection;https://images.stopgame.ru/games/2020/04/11/2RCz4VTP.jpg;Android, iOS, NSW;strategy;29 ìàÿ 2020 ã.
BloodLust 2: Nemesis;https://stopgame.ru/game/bloodlust_2_nemesis;https://images.stopgame.ru/games/2020/04/11/ZT5h11GHS.jpg;PC;rpg;26 ìàðòà 2020 ã.
Vampire: The Masquerade - Shadows of New York;https://stopgame.ru/game/vampire_the_masquerade_shadows_of_new_york;https://images.stopgame.ru/games/2020/04/10/wdjSnDW37.jpg;Mac, NSW, PC, PS4, XONE;adventure;10 ñåíòÿáðÿ 2020 ã.
One Piece: Pirate Warriors 4;https://stopgame.ru/game/one_piece_pirate_warriors_4;https://images.stopgame.ru/games/2020/04/08/cQPe-Qs.jpg;NSW, PC, PS4, XONE;action;26 ìàðòà 2020 ã.
Saints Row: The Third Remastered;https://stopgame.ru/game/saints_row_the_third_remastered;https://images.stopgame.ru/games/2020/04/07/016P1NA.jpg;PC, PS4, XONE;action;21 ìàÿ 2020 ã.
In Other Waters;https://stopgame.ru/game/in_other_waters;https://images.stopgame.ru/games/2020/04/06/MGvRe6cyg.jpg;Mac, NSW, PC;adventure;3 àïðåëÿ 2020 ã.
Pendragon;https://stopgame.ru/game/pendragon;https://images.stopgame.ru/games/2020/04/06/fIjGgNWap.jpg;Mac, PC;strategy;22 ñåíòÿáðÿ 2020 ã.
Grand Guilds;https://stopgame.ru/game/grand_guilds;https://images.stopgame.ru/games/2020/04/05/RCING51.jpg;NSW, PC, PS4, XONE;rpg;26 ìàðòà 2020 ã.
Epic Chess;https://stopgame.ru/game/epic_chess;https://images.stopgame.ru/games/2020/04/05/NAplsNFlz.jpg;PC;strategy;2020 ã.
Tiny Bunny;https://stopgame.ru/game/tiny_bunny;https://images.stopgame.ru/games/2020/04/05/wVWt15bV.jpg;PC;adventure;19 ìàðòà 2020 ã.
Heroines of Swords & Spells;https://stopgame.ru/game/heroines_of_swords_spells;https://images.stopgame.ru/games/2020/04/03/z5YQLN9m_.jpg;PC;rpg;17 ìàðòà 2020 ã.
Mortal Shell;https://stopgame.ru/game/mortal_shell;https://images.stopgame.ru/games/2020/04/03/djqX_jp.jpg;PC, PS4, XONE;action, rpg;18 àâãóñòà 2020 ã.
Windbound;https://stopgame.ru/game/windbound;https://images.stopgame.ru/games/2020/04/03/KEF0Uqbvi.jpg;NSW, PC, PS4, Stadia, XONE;adventure;28 àâãóñòà 2020 ã.
PONG Quest;https://stopgame.ru/game/pong_quest;https://images.stopgame.ru/games/2020/04/02/4akMtjJ.jpg;NSW, PC, PS4, XONE;arcade;21 àïðåëÿ 2020 ã.
Call of Duty: Modern Warfare 2 Campaign Remastered;https://stopgame.ru/game/call_of_duty_modern_warfare_2_campaign_remastered;https://images.stopgame.ru/games/2020/04/02/PC9A9dBKw.jpg;PC, PS4, XONE;action;31 ìàðòà 2020 ã.
Quantum Error;https://stopgame.ru/game/quantum_error;https://images.stopgame.ru/site/logos/empty_logo1.jpg;, PS5;action;2021 ã.
Nier: Replicant ver. 1.22474487139...;https://stopgame.ru/game/nier_replicant_ver_1_22474487139;https://images.stopgame.ru/games/2020/03/31/GKVfkbh.jpg;PC, PS4, XONE;rpg;2020 ã.
No Straight Roads;https://stopgame.ru/game/no_straight_roads;https://images.stopgame.ru/games/2020/03/30/ed1JflI.jpg;NSW, PC, PS4, XONE;arcade;24 àâãóñòà 2020 ã.
Panzer Corps 2;https://stopgame.ru/game/panzer_corps_2;https://images.stopgame.ru/games/2020/03/29/-laCEDC.jpg;PC;strategy;19 ìàðòà 2020 ã.
Lost Words: Beyond the Page;https://stopgame.ru/game/lost_words_beyond_the_page;https://images.stopgame.ru/games/2020/03/29/Dmi1P1ng.jpg;NSW, PC, PS4, Stadia, XONE;arcade;27 ìàðòà 2020 ã.
Biped;https://stopgame.ru/game/biped;https://images.stopgame.ru/games/2020/03/27/vRFim_gO.jpg;NSW, PC, PS4, XONE;arcade;27 ìàðòà 2020 ã.
Moo Lander;https://stopgame.ru/game/moo_lander;https://images.stopgame.ru/games/2020/03/26/Sh4Xi2oc.jpg;PC;action;2020 ã.
Gamedec;https://stopgame.ru/game/gamedec;https://images.stopgame.ru/games/2020/03/26/rT7fjg5.jpg;NSW, PC;rpg;2021 ã.
Bright Memory: Infinite;https://stopgame.ru/game/bright_memory_infinite;https://images.stopgame.ru/games/2020/03/26/cQ1CUjiS.jpg;PC, PS4, XBOXSX, XONE;action;2021 ã.
Sea of Stars;https://stopgame.ru/game/sea_of_stars;https://images.stopgame.ru/games/2020/03/24/o8MvRT8nC.jpg;PC;rpg;2022 ã.
Signifier, The;https://stopgame.ru/game/signifier;https://images.stopgame.ru/games/2020/03/24/uy_5kyDiP.jpg;Mac, PC, PS4, XONE;adventure;15 îêòÿáðÿ 2020 ã.
Weakless;https://stopgame.ru/game/weakless;https://images.stopgame.ru/games/2020/03/23/lx3QwPpI.jpg;PC, XONE;adventure;13 äåêàáðÿ 2019 ã.
Shadow Man: Remastered;https://stopgame.ru/game/shadow_man_remastered;https://images.stopgame.ru/games/2020/03/19/b16iOGN.jpg;NSW, PC, PS4, XONE;action;2021 ã.
Teamfight Tactics;https://stopgame.ru/game/teamfight_tactics;https://images.stopgame.ru/games/2020/03/18/OBJWmru.jpg;Android, iOS;strategy;19 ìàðòà 2020 ã.
Yes, Your Grace;https://stopgame.ru/game/yes_your_grace;https://images.stopgame.ru/games/2020/03/17/pVIBaDKnQ.jpg;, NSW, PC, XONE;adventure;6 ìàðòà 2020 ã.
Control: The Foundation;https://stopgame.ru/game/control_the_foundation;https://images.stopgame.ru/games/2020/03/17/Z2HSLUy.jpg;PC, PS4, XONE;action;26 ìàðòà 2020 ã.
Animal Crossing: New Horizons;https://stopgame.ru/game/animal_crossing_new_horizons;https://images.stopgame.ru/games/2020/03/16/oCzJfssJ1.jpg;NSW;simulator, strategy;20 ìàðòà 2020 ã.
